"video_id","author_link","create_time","author_avatar","thumbnail_url","video_diggcount","video_playcount","author_followers","author_followings","author_unique_id","author_nickname","video_sharecount","video_commentcount","signature"
"7435351139622587681","https://www.tiktok.com/@semplicemente.alicez","2024-11-09","https://p16-sign-useast2a.tiktokcdn.com/tos-useast2a-avt-0068-euttp/1c2de8a1942147a6ace3a2e2dedd9f58~tplv-tiktokx-cropcenter:100:100.jpeg?dr=14579&refresh_token=ce70b08a&x-expires=1752148800&x-signature=nOfNF9zzSPXWaS%2FlLUzgjqlOEPI%3D&t=4d5b0474&ps=13740610&shp=a5d48078&shcp=2472a6c6&idc=maliva","https://vispie-media-convertv2.s3.amazonaws.com/thumbnails/7435351139622587681.0000000.jpg","357492","3888333","104559","43","semplicemente.alicez","ALICEüçô| studytok","7570","4616","üáÆüáπStationery & studytok üíåsemplicemente.alicez@gmail.com  ‚¨áÔ∏èlinks‚¨áÔ∏è"
"7061946440691502363","https://www.tiktok.com/@dailydivv","2022-02-07","https://p16-sign-useast2a.tiktokcdn.com/tos-useast2a-avt-0068-euttp/7311683550976802848~tplv-tiktokx-cropcenter:100:100.jpeg?dr=14579&refresh_token=82460225&x-expires=1752148800&x-signature=TvHnDtYyXV9ite8zJyqz3tOG0B4%3D&t=4d5b0474&ps=13740610&shp=a5d48078&shcp=2472a6c6&idc=maliva","https://vispie-media-convertv2.s3.amazonaws.com/thumbnails/7061946440691502363.0000000.jpg","18657","444757","85324","96","dailydivv","Divv","313","84","üáÆüá©üá¶üá∫ | life as a design student in Melb Link barang-barang yang aku pakai‚¨áÔ∏è"
"7326566423671868718","https://www.tiktok.com/@_my.digital.diary_","2024-01-21","https://p16-sign-va.tiktokcdn.com/tos-maliva-avt-0068/21b6101e12c56fd1eae8e234b1715dc6~tplv-tiktokx-cropcenter:100:100.jpeg?dr=14579&refresh_token=320eedc9&x-expires=1752148800&x-signature=e4sEsMQqpyu6nZ5OLqHfytIDStg%3D&t=4d5b0474&ps=13740610&shp=a5d48078&shcp=2472a6c6&idc=maliva","https://vispie-media-convertv2.s3.amazonaws.com/thumbnails/7326566423671868718.0000000.jpg","108905","816843","81865","75","_my.digital.diary_","vicky <3","488","285","üíå:vickystudydiaries@gmail.com üîó:https://linktr.ee/my.digital.diary"
"7377593865630387473","https://www.tiktok.com/@academic_smarters","2024-06-07","https://p16-sign-sg.tiktokcdn.com/tos-alisg-avt-0068/d59bd04821182cbae0fb88ebdf996c8c~tplv-tiktokx-cropcenter:100:100.jpeg?dr=14579&refresh_token=aa10fec2&x-expires=1752148800&x-signature=WcGEI7ZoplEpBOeDOt1CL4fYI68%3D&t=4d5b0474&ps=13740610&shp=a5d48078&shcp=2472a6c6&idc=maliva","https://vispie-media-convertv2.s3.amazonaws.com/thumbnails/7377593865630387473.0000000.jpg","2593","121951","37926","475","academic_smarters","Academic_Smarters","172","36","Academic and UGC content creatorüë©üèª‚Äçüíªüá±üá∞ Lifestyle üí´ DM/Email to collabüì©"
"7251707949331090714","https://www.tiktok.com/@happydownloads","2023-07-03","https://p16-sign-va.tiktokcdn.com/tos-maliva-avt-0068/72f2111386d9baab4a8be75bb2b535fb~tplv-tiktokx-cropcenter:100:100.jpeg?dr=14579&refresh_token=13e7f257&x-expires=1752148800&x-signature=lfxcv5ZKj5GPUzsOBJUb0zjkmlE%3D&t=4d5b0474&ps=13740610&shp=a5d48078&shcp=2472a6c6&idc=maliva","https://vispie-media-convertv2.s3.amazonaws.com/thumbnails/7251707949331090714.0000000.jpg","564589","8624493","1564195","258","happydownloads","HappyDownloads","26225","1905","iPad & Samsung tips üëá my planner shop & Amazon favs üíå rina@happydownloads.net"
"7518790759013764408","https://www.tiktok.com/@caramel.studyy","2025-06-22","https://p16-sign-va.tiktokcdn.com/tos-maliva-avt-0068/88922098164b326759a16fd874619bf7~tplv-tiktokx-cropcenter:100:100.jpeg?dr=14579&refresh_token=ecbeee6c&x-expires=1752148800&x-signature=1wyy2TJdqS47%2FaJ0tNGXhVgT23o%3D&t=4d5b0474&ps=13740610&shp=a5d48078&shcp=2472a6c6&idc=maliva","https://vispie-media-convertv2.s3.amazonaws.com/thumbnails/7518790759013764408.0000000.jpg","6882","52155","121543","122","caramel.studyy","Caramel study","111","47","üóíÔ∏è‚úèÔ∏è üíå email for business inquiries: fannylaurensia7@gmail.com Product Link üß∏"
"7517661758014704909","https://www.tiktok.com/@ellharve","2025-06-19","https://p16-sign-va.tiktokcdn.com/tos-maliva-avt-0068/9269bfc9e1535d76fadd8d32827a9ed2~tplv-tiktokx-cropcenter:100:100.jpeg?dr=14579&refresh_token=875e8650&x-expires=1752148800&x-signature=f2Knf5ZlYom0kAXJFNDnSQ%2B3tSE%3D&t=4d5b0474&ps=13740610&shp=a5d48078&shcp=2472a6c6&idc=maliva","https://vispie-media-convertv2.s3.amazonaws.com/thumbnails/7517661758014704909.0000000.jpg","9399","103328","103883","505","ellharve","Ellie","936","25","studytok üìö nyc ur big sis| neuro at Columbia Uni ellie.collaborations@gmail.com"
"7157306156396956974","https://www.tiktok.com/@thepaintedsquid","2022-10-22","https://p16-sign-va.tiktokcdn.com/tos-maliva-avt-0068/7351390443445649451~tplv-tiktokx-cropcenter:100:100.jpeg?dr=14579&refresh_token=ee0259e5&x-expires=1752148800&x-signature=vBAPedXcLKEyb46X6Fzln0q8xlI%3D&t=4d5b0474&ps=13740610&shp=a5d48078&shcp=2472a6c6&idc=maliva","https://vispie-media-convertv2.s3.amazonaws.com/thumbnails/7157306156396956974.0000000.jpg","52019","1154236","18246","730","thepaintedsquid","Paintedsquid TTRPG","6165","271","TTRPG books and things I find interesting! Shop link below!"
"7503942456157801771","https://www.tiktok.com/@writech_pens","2025-05-13","https://p16-sign-va.tiktokcdn.com/tos-maliva-avt-0068/63e508e80e686fd1f62ca6db4598066a~tplv-tiktokx-cropcenter:100:100.jpeg?dr=14579&refresh_token=24c65e63&x-expires=1752148800&x-signature=wTRDdSqayHYRxQR%2Fxm7Sw71zU2s%3D&t=4d5b0474&ps=13740610&shp=a5d48078&shcp=2472a6c6&idc=maliva","https://vispie-media-convertv2.s3.amazonaws.com/thumbnails/7503942456157801771.0000000.jpg","171","6948","21388","32","writech_pens","writech_pens","5","3","Writech FindsÔΩúDaily Reviews ‚úçÔ∏è Shop nowüëáüèª"
"7347732369706618117","https://www.tiktok.com/@madampreciousnkosi","2024-03-18","https://p16-sign-va.tiktokcdn.com/tos-maliva-avt-0068/192a269800ec129c100b408eabe136f7~tplv-tiktokx-cropcenter:100:100.jpeg?dr=14579&refresh_token=7f72b8cf&x-expires=1752148800&x-signature=uP303TuMnbm9ZTv79QooCxs5AaY%3D&t=4d5b0474&ps=13740610&shp=a5d48078&shcp=2472a6c6&idc=maliva","https://vispie-media-convertv2.s3.amazonaws.com/thumbnails/7347732369706618117.0000000.jpg","24263","646094","27386","403","madampreciousnkosi","The Fun Christian Influencerü©∑","257","136","ü©∑üë©üèΩ‚ÄçüíªAspiring CA(SA) üêöü••Fun StudyTok üáøüá¶: PTA/JHB missnkosi01@gmail.com"
"7381781429270711557","https://www.tiktok.com/@nomuricee","2024-06-18","https://p16-sign-sg.tiktokcdn.com/tos-alisg-avt-0068/5623f1da4b00d67c221525076aba914a~tplv-tiktokx-cropcenter:100:100.jpeg?dr=14579&refresh_token=ac192e0a&x-expires=1752148800&x-signature=dezy6%2BX8hUjw3uK39Ezzc4tACzg%3D&t=4d5b0474&ps=13740610&shp=a5d48078&shcp=2472a6c6&idc=maliva","https://vispie-media-convertv2.s3.amazonaws.com/thumbnails/7381781429270711557.0000000.jpg","85454","2329220","335455","93","nomuricee","ùúóùúö‚ãÜ‚ÇäÀö","4593","736","üíå email for business inquiries : coffeestudieess@gmail.com product links üëáüèª"
"7381201562946817312","https://www.tiktok.com/@happydownloads","2024-06-16","https://p16-sign-va.tiktokcdn.com/tos-maliva-avt-0068/72f2111386d9baab4a8be75bb2b535fb~tplv-tiktokx-cropcenter:100:100.jpeg?dr=14579&refresh_token=13e7f257&x-expires=1752148800&x-signature=lfxcv5ZKj5GPUzsOBJUb0zjkmlE%3D&t=4d5b0474&ps=13740610&shp=a5d48078&shcp=2472a6c6&idc=maliva","https://vispie-media-convertv2.s3.amazonaws.com/thumbnails/7381201562946817312.0000000.jpg","409567","6601826","1564195","258","happydownloads","HappyDownloads","15177","1872","iPad & Samsung tips üëá my planner shop & Amazon favs üíå rina@happydownloads.net"
"7333284422994742561","https://www.tiktok.com/@happydownloads","2024-02-08","https://p16-sign-va.tiktokcdn.com/tos-maliva-avt-0068/72f2111386d9baab4a8be75bb2b535fb~tplv-tiktokx-cropcenter:100:100.jpeg?dr=14579&refresh_token=13e7f257&x-expires=1752148800&x-signature=lfxcv5ZKj5GPUzsOBJUb0zjkmlE%3D&t=4d5b0474&ps=13740610&shp=a5d48078&shcp=2472a6c6&idc=maliva","https://vispie-media-convertv2.s3.amazonaws.com/thumbnails/7333284422994742561.0000000.jpg","588046","11298172","1564195","258","happydownloads","HappyDownloads","21299","2152","iPad & Samsung tips üëá my planner shop & Amazon favs üíå rina@happydownloads.net"
"7273097094368333058","https://www.tiktok.com/@phuonghocdi","2023-08-30","https://p16-sign-useast2a.tiktokcdn.com/tos-useast2a-avt-0068-giso/80fbe0979066a5c870b477697ed9126f~tplv-tiktokx-cropcenter:100:100.jpeg?dr=14579&refresh_token=c0a1f58b&x-expires=1752148800&x-signature=xlXzAv1ecVrdJ7waz7SClHCb8nE%3D&t=4d5b0474&ps=13740610&shp=a5d48078&shcp=2472a6c6&idc=maliva","https://vispie-media-convertv2.s3.amazonaws.com/thumbnails/7273097094368333058.0000000.jpg","134972","2842584","210527","40","phuonghocdi","Ph∆∞∆°ng h·ªçc ƒëi","2355","346","üéì peds PGY1 @ VinUni üíå for work: phuonghocdi@gmail.com"
"7248289872186789146","https://www.tiktok.com/@happydownloads","2023-06-24","https://p16-sign-va.tiktokcdn.com/tos-maliva-avt-0068/72f2111386d9baab4a8be75bb2b535fb~tplv-tiktokx-cropcenter:100:100.jpeg?dr=14579&refresh_token=13e7f257&x-expires=1752148800&x-signature=lfxcv5ZKj5GPUzsOBJUb0zjkmlE%3D&t=4d5b0474&ps=13740610&shp=a5d48078&shcp=2472a6c6&idc=maliva","https://vispie-media-convertv2.s3.amazonaws.com/thumbnails/7248289872186789146.0000000.jpg","803365","12056082","1564195","258","happydownloads","HappyDownloads","21065","2446","iPad & Samsung tips üëá my planner shop & Amazon favs üíå rina@happydownloads.net"
"7495382080747031830","https://www.tiktok.com/@glich.stream","2025-04-20","https://p16-sign-va.tiktokcdn.com/tos-maliva-avt-0068/9a277bf3492bbc475197fd75c2e2ae6b~tplv-tiktokx-cropcenter:100:100.jpeg?dr=14579&refresh_token=bb52e222&x-expires=1752148800&x-signature=R6Fd2GkzK%2BbwbS8YC%2FWomM9aUM0%3D&t=4d5b0474&ps=13740610&shp=a5d48078&shcp=2472a6c6&idc=maliva","https://vispie-media-convertv2.s3.amazonaws.com/thumbnails/7495382080747031830.0000000.jpg","428","11459","73100","12","glich.stream","A Pragmatic Engineer üë®‚Äçüíª","40","17","SWE @GitHub DeInfluencer: Programming, Tech, Career All the links you need üëá"
"7448272336777710880","https://www.tiktok.com/@happydownloads","2024-12-14","https://p16-sign-va.tiktokcdn.com/tos-maliva-avt-0068/72f2111386d9baab4a8be75bb2b535fb~tplv-tiktokx-cropcenter:100:100.jpeg?dr=14579&refresh_token=13e7f257&x-expires=1752148800&x-signature=lfxcv5ZKj5GPUzsOBJUb0zjkmlE%3D&t=4d5b0474&ps=13740610&shp=a5d48078&shcp=2472a6c6&idc=maliva","https://vispie-media-convertv2.s3.amazonaws.com/thumbnails/7448272336777710880.0000000.jpg","752047","13172182","1564195","258","happydownloads","HappyDownloads","41134","2963","iPad & Samsung tips üëá my planner shop & Amazon favs üíå rina@happydownloads.net"
"7390572016648162561","https://www.tiktok.com/@dalee_chea","2024-07-12","https://p16-sign-sg.tiktokcdn.com/tos-alisg-avt-0068/c03e8a7c30c5b911b2ee21d902b15c88~tplv-tiktokx-cropcenter:100:100.jpeg?dr=14579&refresh_token=3f4adb93&x-expires=1752148800&x-signature=Ybnz27QdhkD9CvbOazVhMRRpN4k%3D&t=4d5b0474&ps=13740610&shp=a5d48078&shcp=2472a6c6&idc=maliva","https://vispie-media-convertv2.s3.amazonaws.com/thumbnails/7390572016648162561.0000000.jpg","18310","205021","27204","218","dalee_chea"," ö…û Sodalee ·µïÃà üéÄ","706","100","Sharing Happy Moments üéÄ Work email : Sodaleechea77@gmail.com"
"7401613845405519137","https://www.tiktok.com/@happydownloads","2024-08-10","https://p16-sign-va.tiktokcdn.com/tos-maliva-avt-0068/72f2111386d9baab4a8be75bb2b535fb~tplv-tiktokx-cropcenter:100:100.jpeg?dr=14579&refresh_token=13e7f257&x-expires=1752148800&x-signature=lfxcv5ZKj5GPUzsOBJUb0zjkmlE%3D&t=4d5b0474&ps=13740610&shp=a5d48078&shcp=2472a6c6&idc=maliva","https://vispie-media-convertv2.s3.amazonaws.com/thumbnails/7401613845405519137.0000000.jpg","65133","1705280","1564195","258","happydownloads","HappyDownloads","3265","307","iPad & Samsung tips üëá my planner shop & Amazon favs üíå rina@happydownloads.net"
"7487670029387828502","https://www.tiktok.com/@happydownloads","2025-03-30","https://p16-sign-va.tiktokcdn.com/tos-maliva-avt-0068/72f2111386d9baab4a8be75bb2b535fb~tplv-tiktokx-cropcenter:100:100.jpeg?dr=14579&refresh_token=13e7f257&x-expires=1752148800&x-signature=lfxcv5ZKj5GPUzsOBJUb0zjkmlE%3D&t=4d5b0474&ps=13740610&shp=a5d48078&shcp=2472a6c6&idc=maliva","https://vispie-media-convertv2.s3.amazonaws.com/thumbnails/7487670029387828502.0000000.jpg","225257","5997266","1564195","258","happydownloads","HappyDownloads","25593","1647","iPad & Samsung tips üëá my planner shop & Amazon favs üíå rina@happydownloads.net"
"7499163554088570134","https://www.tiktok.com/@happydownloads","2025-04-30","https://p16-sign-va.tiktokcdn.com/tos-maliva-avt-0068/72f2111386d9baab4a8be75bb2b535fb~tplv-tiktokx-cropcenter:100:100.jpeg?dr=14579&refresh_token=13e7f257&x-expires=1752148800&x-signature=lfxcv5ZKj5GPUzsOBJUb0zjkmlE%3D&t=4d5b0474&ps=13740610&shp=a5d48078&shcp=2472a6c6&idc=maliva","https://vispie-media-convertv2.s3.amazonaws.com/thumbnails/7499163554088570134.0000000.jpg","278859","3572474","1564195","258","happydownloads","HappyDownloads","14316","801","iPad & Samsung tips üëá my planner shop & Amazon favs üíå rina@happydownloads.net"
"7505312415966334215","https://www.tiktok.com/@kilonotesapp","2025-05-17","https://p16-sign-useast2a.tiktokcdn.com/tos-useast2a-avt-0068-aiso/3a7eec492bce77f1c560b04c6392234f~tplv-tiktokx-cropcenter:100:100.jpeg?dr=14579&refresh_token=ecb8a51d&x-expires=1752148800&x-signature=1uqFT%2FSQx9Sp%2Fat4PYjZzBwzt9k%3D&t=4d5b0474&ps=13740610&shp=a5d48078&shcp=2472a6c6&idc=maliva","https://vispie-media-convertv2.s3.amazonaws.com/thumbnails/7505312415966334215.0000000.jpg","2591","64657","94347","230","kilonotesapp","Create with kilonotes | Sophia","109","82","üëãüèª I'm Sophia üì± iPad-Android study notes+digital journal ‚¨áÔ∏è Download for FREE"
"7419790653518843169","https://www.tiktok.com/@happydownloads","2024-09-28","https://p16-sign-va.tiktokcdn.com/tos-maliva-avt-0068/72f2111386d9baab4a8be75bb2b535fb~tplv-tiktokx-cropcenter:100:100.jpeg?dr=14579&refresh_token=13e7f257&x-expires=1752148800&x-signature=lfxcv5ZKj5GPUzsOBJUb0zjkmlE%3D&t=4d5b0474&ps=13740610&shp=a5d48078&shcp=2472a6c6&idc=maliva","https://vispie-media-convertv2.s3.amazonaws.com/thumbnails/7419790653518843169.0000000.jpg","40311","1512440","1564195","258","happydownloads","HappyDownloads","2274","221","iPad & Samsung tips üëá my planner shop & Amazon favs üíå rina@happydownloads.net"
"7456597079499214126","https://www.tiktok.com/@loricichanowicz","2025-01-06","https://p16-sign-va.tiktokcdn.com/tos-maliva-avt-0068/7339303479904567339~tplv-tiktokx-cropcenter:100:100.jpeg?dr=14579&refresh_token=725a01e2&x-expires=1752148800&x-signature=vVTP5d8EXzPIStWtvb6twjBghGY%3D&t=4d5b0474&ps=13740610&shp=a5d48078&shcp=2472a6c6&idc=maliva","https://vispie-media-convertv2.s3.amazonaws.com/thumbnails/7456597079499214126.0000000.jpg","225","9422","87861","355","loricichanowicz","Darkness of the Twilightmoon","0","13","Small business link below. Want to collab? help@darknessofthetwilightmoon.com"
"7489457058643856662","https://www.tiktok.com/@studyerik","2025-04-04","https://p16-sign-useast2a.tiktokcdn.com/tos-useast2a-avt-0068-euttp/11168e1226baafbcab95849727ec072c~tplv-tiktokx-cropcenter:100:100.jpeg?dr=14579&refresh_token=4d176f69&x-expires=1752148800&x-signature=72FtaeT2hud0zp%2FJ867Ty2Ipd3g%3D&t=4d5b0474&ps=13740610&shp=a5d48078&shcp=2472a6c6&idc=maliva","https://vispie-media-convertv2.s3.amazonaws.com/thumbnails/7489457058643856662.0000000.jpg","648","12466","45088","31","studyerik","Study tips and motivation üìÑ","30","13","The best study tips on tiktok"
"7422751576240016672","https://www.tiktok.com/@plrdigitalplanner","2024-10-06","https://p16-sign-useast2a.tiktokcdn.com/tos-useast2a-avt-0068-euttp/30c48953bf7df457fc5d55d50ae844d0~tplv-tiktokx-cropcenter:100:100.jpeg?dr=14579&refresh_token=abd74b84&x-expires=1752148800&x-signature=V7Vj66CltQBkFvuOh1Egvddy4NY%3D&t=4d5b0474&ps=13740610&shp=a5d48078&shcp=2472a6c6&idc=maliva","https://vispie-media-convertv2.s3.amazonaws.com/thumbnails/7422751576240016672.0000000.jpg","47435","1007749","119857","191","plrdigitalplanner","‚ú® Mar | PLR Digital Products","4077","600","*MY ONLY ACCOUNT*  I DON'T DM ‚ö†Ô∏è ‚ú® Teaching you how to make üí∏ My free guide ‚§µÔ∏è"
"7509180403685543210","https://www.tiktok.com/@memoriesbymeyers","2025-05-27","https://p16-sign-va.tiktokcdn.com/tos-maliva-avt-0068/7348183593421635630~tplv-tiktokx-cropcenter:100:100.jpeg?dr=14579&refresh_token=6da7d3de&x-expires=1752148800&x-signature=kCWE8yl%2BQBJ%2FkvSPMoy7M8ehgiQ%3D&t=4d5b0474&ps=13740610&shp=a5d48078&shcp=2472a6c6&idc=maliva","https://vispie-media-convertv2.s3.amazonaws.com/thumbnails/7509180403685543210.0000000.jpg","141","6198","853448","969","memoriesbymeyers","Jenna Meyers","1","4","Hand Lettering Artist  Small Business Owner Mom of Four!  üíôüíõthe lucky fewüíõüíô"
"7465818501475863850","https://www.tiktok.com/@jennxmae","2025-01-30","https://p16-sign-va.tiktokcdn.com/tos-maliva-avt-0068/2049230dab1d16dee796075f6bcdb22a~tplv-tiktokx-cropcenter:100:100.jpeg?dr=14579&refresh_token=1345a74e&x-expires=1752148800&x-signature=GTFuxnY%2FGwHF4UxiRmGUPuIJtEM%3D&t=4d5b0474&ps=13740610&shp=a5d48078&shcp=2472a6c6&idc=maliva","https://vispie-media-convertv2.s3.amazonaws.com/thumbnails/7465818501475863850.0000000.jpg","247","6095","20250","328","jennxmae","Jenn | Business Analyst","7","53","Your Tatted Corporate Girly WFH, Wifey & Mom Life  üìß retailtherapymom@gmail.com"
"7469592755766054190","https://www.tiktok.com/@forevercraftingwithjess","2025-02-10","https://p16-sign-va.tiktokcdn.com/tos-maliva-avt-0068/6fad79b05165319bb812e0b6f0b3d688~tplv-tiktokx-cropcenter:100:100.jpeg?dr=14579&refresh_token=8968fd48&x-expires=1752148800&x-signature=upMHBiRhHDpj4hIBVG9HXxJ3GZs%3D&t=4d5b0474&ps=13740610&shp=a5d48078&shcp=2472a6c6&idc=maliva","https://vispie-media-convertv2.s3.amazonaws.com/thumbnails/7469592755766054190.0000000.jpg","152","6255","19496","288","forevercraftingwithjess","Forever Crafting with Jess","7","7","Mama owned business and crafty AF http://forevercraftingwithjess.square.site"
"7515813255743360298","https://www.tiktok.com/@teachwithmx.ram","2025-06-14","https://p16-sign-va.tiktokcdn.com/tos-maliva-avt-0068/02a2384f51edb21bd53d6d1e694ffe12~tplv-tiktokx-cropcenter:100:100.jpeg?dr=14579&refresh_token=e6c1c208&x-expires=1752148800&x-signature=xdOZEPV4i6tPwfoeuzD%2BVJxGIPk%3D&t=4d5b0474&ps=13740610&shp=a5d48078&shcp=2472a6c6&idc=maliva","https://vispie-media-convertv2.s3.amazonaws.com/thumbnails/7515813255743360298.0000000.jpg","209","5145","1365377","2834","teachwithmx.ram","teachwithmx.ram","2","8","üì¶6113 Saratoga Blvd. Ste. F, PMB 209 CC, TX 78414  üíåTeachwithmx.ram@gmail.com"
"7447714783840750878","https://www.tiktok.com/@letterswithlandri","2024-12-13","https://p16-sign-va.tiktokcdn.com/tos-maliva-avt-0068/f2acec588f0f941603459b623fb017fe~tplv-tiktokx-cropcenter:100:100.jpeg?dr=14579&refresh_token=8cb65e55&x-expires=1752148800&x-signature=nluwNBq2ZzzgU8RDYbnXr46C9v0%3D&t=4d5b0474&ps=13740610&shp=a5d48078&shcp=2472a6c6&idc=maliva","https://vispie-media-convertv2.s3.amazonaws.com/thumbnails/7447714783840750878.0000000.jpg","2237","72292","185540","739","letterswithlandri","Landri | Teacher Handwriting","30","11","Love like Jesus ü´∂üèº PE Teacher/handwriting"
"7504351520490638634","https://www.tiktok.com/@writech_pens","2025-05-14","https://p16-sign-va.tiktokcdn.com/tos-maliva-avt-0068/63e508e80e686fd1f62ca6db4598066a~tplv-tiktokx-cropcenter:100:100.jpeg?dr=14579&refresh_token=24c65e63&x-expires=1752148800&x-signature=wTRDdSqayHYRxQR%2Fxm7Sw71zU2s%3D&t=4d5b0474&ps=13740610&shp=a5d48078&shcp=2472a6c6&idc=maliva","https://vispie-media-convertv2.s3.amazonaws.com/thumbnails/7504351520490638634.0000000.jpg","85452","2808039","21388","32","writech_pens","writech_pens","5585","451","Writech FindsÔΩúDaily Reviews ‚úçÔ∏è Shop nowüëáüèª"
"7466590456692935982","https://www.tiktok.com/@journaleuphoria","2025-02-01","https://p16-sign-va.tiktokcdn.com/tos-maliva-avt-0068/7323288270647853098~tplv-tiktokx-cropcenter:100:100.jpeg?dr=14579&refresh_token=28658d29&x-expires=1752148800&x-signature=7K4omOKy8p3FVttdsGGzby3e8sM%3D&t=4d5b0474&ps=13740610&shp=a5d48078&shcp=2472a6c6&idc=maliva","https://vispie-media-convertv2.s3.amazonaws.com/thumbnails/7466590456692935982.0000000.jpg","938","11387","106990","231","journaleuphoria","journaleuphoria","18","9","creative journaling + productivity ‚á© all my supplies ‚á©"
"7457257072732867886","https://www.tiktok.com/@memoriesbymeyers","2025-01-07","https://p16-sign-va.tiktokcdn.com/tos-maliva-avt-0068/7348183593421635630~tplv-tiktokx-cropcenter:100:100.jpeg?dr=14579&refresh_token=6da7d3de&x-expires=1752148800&x-signature=kCWE8yl%2BQBJ%2FkvSPMoy7M8ehgiQ%3D&t=4d5b0474&ps=13740610&shp=a5d48078&shcp=2472a6c6&idc=maliva","https://vispie-media-convertv2.s3.amazonaws.com/thumbnails/7457257072732867886.0000000.jpg","541","20150","853448","969","memoriesbymeyers","Jenna Meyers","11","11","Hand Lettering Artist  Small Business Owner Mom of Four!  üíôüíõthe lucky fewüíõüíô"
"7515776742393515310","https://www.tiktok.com/@kali.speaks","2025-06-14","https://p16-sign-va.tiktokcdn.com/tos-maliva-avt-0068/66b939bc8a96ecb4a6a0e87f985f56a0~tplv-tiktokx-cropcenter:100:100.jpeg?dr=14579&refresh_token=e2d6cf64&x-expires=1752148800&x-signature=UlgWjRyudZvrCrApw0CXZtfJLd4%3D&t=4d5b0474&ps=13740610&shp=a5d48078&shcp=2472a6c6&idc=maliva","https://vispie-media-convertv2.s3.amazonaws.com/thumbnails/7515776742393515310.0000000.jpg","215","6321","114237","1169","kali.speaks","YOUTUBEüì∏:kali.speaks","3","1","Jesus Christ is Lord ‚úùÔ∏è üìßkaliyah2.xfl@gmail.com Discord Bible study‚¨áÔ∏è"
"7461046273878068523","https://www.tiktok.com/@essynotes","2025-01-18","https://p16-sign-va.tiktokcdn.com/tos-maliva-avt-0068/f459678ea0979f14f8d44aec8b135032~tplv-tiktokx-cropcenter:100:100.jpeg?dr=14579&refresh_token=7df07745&x-expires=1752148800&x-signature=Yk2pZCAqvq6JhHaMDiD1%2BR0HdbQ%3D&t=4d5b0474&ps=13740610&shp=a5d48078&shcp=2472a6c6&idc=maliva","https://vispie-media-convertv2.s3.amazonaws.com/thumbnails/7461046273878068523.0000000.jpg","73550","1835179","221755","106","essynotes","essynotes‚ú®","3016","280","‚òïÔ∏èüåøüå± üçµ pens I use are linked below ü´∂üèº"
"7365022080292670753","https://www.tiktok.com/@iphonephotographyschool","2024-05-04","https://p77-sign-va.tiktokcdn.com/tos-maliva-avt-0068/2c88301d00a5ede2365e57a3180dd8af~tplv-tiktokx-cropcenter:100:100.webp?dr=14579&refresh_token=f37b7738&x-expires=1752148800&x-signature=Z%2FtKYkHVIG%2FOdj%2BFCDd7HvUUozc%3D&t=4d5b0474&ps=13740610&shp=a5d48078&shcp=2472a6c6&idc=maliva","https://vispie-media-convertv2.s3.amazonaws.com/thumbnails/7365022080292670753.0000000.jpg","1403","62137","663913","18","iphonephotographyschool","iPhone Photography School","107","2","Unlock the EXACT blueprint to capture breathtaking iPhone photos üòç  80% OFFüëá"
"7485056124115307798","https://www.tiktok.com/@mayaspirationn","2025-03-23","https://p16-sign-va.tiktokcdn.com/tos-maliva-avt-0068/3b0920e8f1a48e214ad24678df86ea52~tplv-tiktokx-cropcenter:100:100.webp?dr=14579&refresh_token=95785deb&x-expires=1752148800&x-signature=3ncy0rNODbeIqSKkEDKFWMg5MfE%3D&t=4d5b0474&ps=13740610&shp=a5d48078&shcp=2472a6c6&idc=maliva","https://vispie-media-convertv2.s3.amazonaws.com/thumbnails/7485056124115307798.0000000.jpg","12509","366827","177776","134","mayaspirationn","Mayaspirationn","955","71","Lifestyle, self-growth, fashion Legal advisor"
"7456453680800222496","https://www.tiktok.com/@healthwithnyrah","2025-01-05","https://p77-sign-va-lite.tiktokcdn.com/tos-maliva-avt-0068/08a5f256ca6b1bbc0b5a581eafaf39d5~tplv-tiktokx-cropcenter:100:100.webp?dr=14579&refresh_token=84a09c6a&x-expires=1752148800&x-signature=Kr4Hpvf%2FZ0e3jGlZkNhYBsOaYUo%3D&t=4d5b0474&ps=13740610&shp=a5d48078&shcp=2472a6c6&idc=maliva","https://vispie-media-convertv2.s3.amazonaws.com/thumbnails/7456453680800222496.0000000.jpg","9187","516360","500113","0","healthwithnyrah","Pharmacist Nyrah","2023","399","I make health & skincare simple for all‚ù§Ô∏è  Collab? allegra@thebookingproject.com"
"7437217276878900526","https://www.tiktok.com/@jacquelineosull","2024-11-14","https://p16-sign-va.tiktokcdn.com/tos-maliva-avt-0068/29fd704f69df0ceb941e186e358163cb~tplv-tiktokx-cropcenter:100:100.jpeg?dr=14579&refresh_token=47995296&x-expires=1752148800&x-signature=PUu%2F9KaaZYIpWo8wGT8WQ4rHvmY%3D&t=4d5b0474&ps=13740610&shp=a5d48078&shcp=2472a6c6&idc=maliva","https://p16-sign.tiktokcdn-us.com/tos-useast5-p-0068-tx/ogYrEHBzBwAItAIOAiKbfAQA2dEBmi6byJZTsC~tplv-tiktokx-origin.image?biz_tag=musically_video.video_cover&dr=1370&idc=maliva&ps=933b5bde&refresh_token=2c97e8ee&s=SEARCH&sc=cover&shcp=c1333099&shp=d05b14bd&t=bacd0480&x-expires=1752026400&x-signature=6xnLmte5rk5bkKiKuBlcwQa%2F7VU%3D","428671","7003583","16095","28","jacquelineosull","Jacqueline","87624","1893","The corporate life hack --> ""Minutes AI"" on the App Store üòò"
"7411700282402360594","https://www.tiktok.com/@leo.note","2024-09-07","https://p9-sign-sg.tiktokcdn.com/tos-alisg-avt-0068/370fbeb6de605017a79794fc2ea3a525~tplv-tiktokx-cropcenter:100:100.webp?dr=14579&refresh_token=443628a1&x-expires=1752148800&x-signature=RgTld5YcihItY%2BynSQVPBKguFwc%3D&t=4d5b0474&ps=13740610&shp=a5d48078&shcp=2472a6c6&idc=maliva","https://p16-sign-sg.tiktokcdn.com/tos-alisg-p-0037/ae8df0c6e7d0475ab9eefe6f71da8085_1725670961~tplv-tiktokx-origin.image?biz_tag=musically_video.video_cover&dr=1370&idc=maliva&ps=933b5bde&refresh_token=ac306293&s=SEARCH&sc=cover&shcp=c1333099&shp=d05b14bd&t=bacd0480&x-expires=1752026400&x-signature=tO3nAsk3SWMMmpUAGQUpGZfPlbY%3D","8340","100265","140190","284","leo.note","Leo | Stationery @leo.note","228","65","üáµüá≠STATIONERY SERIES‚òÜ üíåwork with me: leostationery01@gmail.com shoplinks‚¨áÔ∏è"
"7370331066801884423","https://www.tiktok.com/@kilonotesapp","2024-05-18","https://p16-sign-useast2a.tiktokcdn.com/tos-useast2a-avt-0068-aiso/3a7eec492bce77f1c560b04c6392234f~tplv-tiktokx-cropcenter:100:100.jpeg?dr=14579&refresh_token=ecb8a51d&x-expires=1752148800&x-signature=1uqFT%2FSQx9Sp%2Fat4PYjZzBwzt9k%3D&t=4d5b0474&ps=13740610&shp=a5d48078&shcp=2472a6c6&idc=maliva","https://p16-sign-sg.tiktokcdn.com/tos-alisg-p-0037/708017d8b1ab4eb39682926c5ba5156e_1716038933~tplv-tiktokx-origin.image?biz_tag=musically_video.video_cover&dr=1370&idc=maliva&ps=933b5bde&refresh_token=7da27bc8&s=SEARCH&sc=cover&shcp=c1333099&shp=d05b14bd&t=bacd0480&x-expires=1752026400&x-signature=gQyFYZVEbVYo9HtDPc1liW2lWgM%3D","61991","1757832","94347","230","kilonotesapp","Create with kilonotes | Sophia","3751","433","üëãüèª I'm Sophia üì± iPad-Android study notes+digital journal ‚¨áÔ∏è Download for FREE"
"7513949291942284590","https://www.tiktok.com/@essynotes","2025-06-09","https://p16-sign-va.tiktokcdn.com/tos-maliva-avt-0068/f459678ea0979f14f8d44aec8b135032~tplv-tiktokx-cropcenter:100:100.jpeg?dr=14579&refresh_token=7df07745&x-expires=1752148800&x-signature=Yk2pZCAqvq6JhHaMDiD1%2BR0HdbQ%3D&t=4d5b0474&ps=13740610&shp=a5d48078&shcp=2472a6c6&idc=maliva","https://p16-sign.tiktokcdn-us.com/tos-useast5-p-0068-tx/oM65FilCiIFIwRIr3GfOmJuAIrYI0BpJBC3VAQ~tplv-tiktokx-origin.image?biz_tag=musically_video.video_cover&dr=1370&idc=maliva&ps=933b5bde&refresh_token=a11695eb&s=SEARCH&sc=cover&shcp=c1333099&shp=d05b14bd&t=bacd0480&x-expires=1752026400&x-signature=x34logKHO0vhC8%2BykJlSoRdnnzM%3D","31050","641248","221755","106","essynotes","essynotes‚ú®","1147","84","‚òïÔ∏èüåøüå± üçµ pens I use are linked below ü´∂üèº"
"7410950891932585222","https://www.tiktok.com/@nicole.studywme","2024-09-05","https://p16-sign-va.tiktokcdn.com/tos-maliva-avt-0068/749da43781abe3f769a563a6884f31a3~tplv-tiktokx-cropcenter:100:100.jpeg?dr=14579&refresh_token=19c3b277&x-expires=1752148800&x-signature=VM761VFF6zipAnaP8GKQmXhG%2BEY%3D&t=4d5b0474&ps=13740610&shp=a5d48078&shcp=2472a6c6&idc=maliva","https://p16-sign-va.tiktokcdn.com/tos-maliva-p-0068/1ef6118b7ec94632865d17a869cf7c9c_1725496482~tplv-tiktokx-origin.image?biz_tag=musically_video.video_cover&dr=1370&idc=maliva&ps=933b5bde&refresh_token=f9162bd3&s=SEARCH&sc=cover&shcp=c1333099&shp=d05b14bd&t=bacd0480&x-expires=1746194400&x-signature=ABY89UvC%2FOyyG6hU5Q1Ga0cElb4%3D","1328","39714","37236","116","nicole.studywme","nicole.studywme","119","18","Honours biopharm üë©‚Äçüéì  Building ---> Turbolearn"
"7419858865786768645","https://www.tiktok.com/@nicole.studywme","2024-09-29","https://p16-sign-va.tiktokcdn.com/tos-maliva-avt-0068/749da43781abe3f769a563a6884f31a3~tplv-tiktokx-cropcenter:100:100.jpeg?dr=14579&refresh_token=19c3b277&x-expires=1752148800&x-signature=VM761VFF6zipAnaP8GKQmXhG%2BEY%3D&t=4d5b0474&ps=13740610&shp=a5d48078&shcp=2472a6c6&idc=maliva","https://p16-sign-va.tiktokcdn.com/tos-maliva-p-0068/d1e96748d7d14f15b0cd772e6a8c9d93_1727570528~tplv-tiktokx-origin.image?biz_tag=musically_video.video_cover&dr=1370&idc=maliva&ps=933b5bde&refresh_token=ba823aea&s=SEARCH&sc=cover&shcp=c1333099&shp=d05b14bd&t=bacd0480&x-expires=1747533600&x-signature=jU4i02HEPT8MNrvTHsHojMrY1x0%3D","10886","103050","37236","116","nicole.studywme","nicole.studywme","1206","33","Honours biopharm üë©‚Äçüéì  Building ---> Turbolearn"
"7510689543176195374","","2025-05-31","https://p16-sign-va.tiktokcdn.com/tos-maliva-avt-0068/f459678ea0979f14f8d44aec8b135032~tplv-tiktokx-cropcenter:100:100.jpeg?dr=14579&refresh_token=7df07745&x-expires=1752148800&x-signature=Yk2pZCAqvq6JhHaMDiD1%2BR0HdbQ%3D&t=4d5b0474&ps=13740610&shp=a5d48078&shcp=2472a6c6&idc=maliva","","417","6453","221755","106","essynotes","essynotes‚ú®","8","11","‚òïÔ∏èüåøüå± üçµ pens I use are linked below ü´∂üèº"
"7468025645767970054","https://www.tiktok.com/@itsangelicageorges","2025-02-05","https://p16-sign-va.tiktokcdn.com/tos-maliva-avt-0068/232d1ecf7f70c7fa1d63487e6ae2fc62~tplv-tiktokx-cropcenter:100:100.jpeg?dr=14579&refresh_token=9bb3c651&x-expires=1752148800&x-signature=SwQ8g%2FdQsnunjeuc82E2BIDgrD4%3D&t=4d5b0474&ps=13740610&shp=a5d48078&shcp=2472a6c6&idc=maliva","https://p16-sign-va.tiktokcdn.com/tos-maliva-p-0068/ooCHH0HEADRiAQeI7CFnAgFDQ0JmABX4f8oE6w~tplv-tiktokx-origin.image?biz_tag=musically_video.video_cover&dr=1370&idc=maliva&ps=933b5bde&refresh_token=b997cb74&s=SEARCH&sc=cover&shcp=c1333099&shp=d05b14bd&t=bacd0480&x-expires=1752026400&x-signature=32CdHGCPqHZ3ecdXTwsIQ1Ro3gU%3D","120788","1833508","2169226","229","itsangelicageorges","itsangelicageorges","4992","266","A mix of guidance and inspiration‚ú® Montreal  BIüìß : angelica@socialxtalent.com"
"7443955855420230958","https://www.tiktok.com/@jacquelineosull","2024-12-02","https://p16-sign-va.tiktokcdn.com/tos-maliva-avt-0068/29fd704f69df0ceb941e186e358163cb~tplv-tiktokx-cropcenter:100:100.jpeg?dr=14579&refresh_token=47995296&x-expires=1752148800&x-signature=PUu%2F9KaaZYIpWo8wGT8WQ4rHvmY%3D&t=4d5b0474&ps=13740610&shp=a5d48078&shcp=2472a6c6&idc=maliva","https://p19-sign.tiktokcdn-us.com/tos-useast5-p-0068-tx/ow0mOAQWxpB1niIzFpifBAwI3Puw87E6IHB7CW~tplv-tiktokx-origin.image?biz_tag=musically_video.video_cover&dr=1370&idc=maliva&ps=933b5bde&refresh_token=5607aeaf&s=SEARCH&sc=cover&shcp=c1333099&shp=d05b14bd&t=bacd0480&x-expires=1752044400&x-signature=Yt%2B06L4x56nQI4tL62iiWlEHwKA%3D","63551","2262207","16095","28","jacquelineosull","Jacqueline","13083","299","The corporate life hack --> ""Minutes AI"" on the App Store üòò"
"7521494810411175182","","2025-06-29","https://p16-sign-va.tiktokcdn.com/tos-maliva-avt-0068/f459678ea0979f14f8d44aec8b135032~tplv-tiktokx-cropcenter:100:100.jpeg?dr=14579&refresh_token=7df07745&x-expires=1752148800&x-signature=Yk2pZCAqvq6JhHaMDiD1%2BR0HdbQ%3D&t=4d5b0474&ps=13740610&shp=a5d48078&shcp=2472a6c6&idc=maliva","","625","7272","221755","106","essynotes","essynotes‚ú®","3","5","‚òïÔ∏èüåøüå± üçµ pens I use are linked below ü´∂üèº"
"7387034566701403438","https://www.tiktok.com/@essynotes","2024-07-02","https://p16-sign-va.tiktokcdn.com/tos-maliva-avt-0068/f459678ea0979f14f8d44aec8b135032~tplv-tiktokx-cropcenter:100:100.jpeg?dr=14579&refresh_token=7df07745&x-expires=1752148800&x-signature=Yk2pZCAqvq6JhHaMDiD1%2BR0HdbQ%3D&t=4d5b0474&ps=13740610&shp=a5d48078&shcp=2472a6c6&idc=maliva","https://p16-sign.tiktokcdn-us.com/tos-useast5-p-0068-tx/5afc62ad0b5c4817865cd1a3adbeadcb_1719928027~tplv-tiktokx-origin.image?biz_tag=musically_video.video_cover&dr=1370&idc=maliva&ps=933b5bde&refresh_token=54aaa1a4&s=SEARCH&sc=cover&shcp=c1333099&shp=d05b14bd&t=bacd0480&x-expires=1752026400&x-signature=sR68v9BrhhCrMMTNT7t6kBaYqfU%3D","138146","2353568","221755","106","essynotes","essynotes‚ú®","3195","543","‚òïÔ∏èüåøüå± üçµ pens I use are linked below ü´∂üèº"
"7095159402872704261","https://www.tiktok.com/@itsangelicageorges","2022-05-08","https://p16-sign-va.tiktokcdn.com/tos-maliva-avt-0068/232d1ecf7f70c7fa1d63487e6ae2fc62~tplv-tiktokx-cropcenter:100:100.jpeg?dr=14579&refresh_token=9bb3c651&x-expires=1752148800&x-signature=SwQ8g%2FdQsnunjeuc82E2BIDgrD4%3D&t=4d5b0474&ps=13740610&shp=a5d48078&shcp=2472a6c6&idc=maliva","https://p16-sign-va.tiktokcdn.com/tos-maliva-p-0068/362ccc1cbe434fba992c9aac6c236101_1651970534~tplv-tiktokx-dmt-logom:tos-useast2a-v-0068/1c42fd37429f4251810667b39b549b4d.image?biz_tag=musically_video.video_cover&dr=16684&idc=maliva&ps=933b5bde&refresh_token=dcfab813&s=SEARCH&sc=cover&shcp=c1333099&shp=d05b14bd&t=bacd0480&x-expires=1752026400&x-signature=xW%2Bjpz2fed%2FC4JERQhklEDYPYY0%3D","54074","754455","2169226","229","itsangelicageorges","itsangelicageorges","800","194","A mix of guidance and inspiration‚ú® Montreal  BIüìß : angelica@socialxtalent.com"
"7450456572972502290","https://www.tiktok.com/@handy.works.with.nisha","2024-12-20","https://p16-sign-sg.tiktokcdn.com/tos-alisg-avt-0068/490b10e3049922abebd76d1c8da214a2~tplv-tiktokx-cropcenter:100:100.jpeg?dr=14579&refresh_token=1c31ce0e&x-expires=1752148800&x-signature=rtkrp1Fz4NpFANsjmSuGAyBSQzc%3D&t=4d5b0474&ps=13740610&shp=a5d48078&shcp=2472a6c6&idc=maliva","https://p16-sign-sg.tiktokcdn.com/tos-alisg-p-0037/oEAAli5kts8sBV4AIfSBqlC2wKivABAIAzVhEG~tplv-tiktokx-origin.image?biz_tag=musically_video.video_cover&dr=1370&idc=maliva&ps=933b5bde&refresh_token=b69212db&s=SEARCH&sc=cover&shcp=c1333099&shp=d05b14bd&t=bacd0480&x-expires=1752026400&x-signature=ooPthhPlHP1Z1p%2Fwxh0Oiaw%2Fd2Q%3D","9379","467990","524617","6","handy.works.with.nisha","Handy works with Nisha","2740","151","My YouTube üëá"
"7211644322800880939","https://www.tiktok.com/@mtholfsen","2023-03-17","https://p16-sign-va.tiktokcdn.com/tos-maliva-avt-0068/7b349a7020acef968a4f6f5e0ed8b166~tplv-tiktokx-cropcenter:100:100.jpeg?dr=14579&refresh_token=87f30735&x-expires=1752148800&x-signature=6pfpToZ%2FF0ZCDOF7%2FMMstUl2y0w%3D&t=4d5b0474&ps=13740610&shp=a5d48078&shcp=2472a6c6&idc=maliva","https://p16-sign.tiktokcdn-us.com/tos-useast5-p-0068-tx/5bf839fe01504e36b7e79bcf1f4b16be~tplv-tiktokx-origin.image?biz_tag=musically_video.video_cover&dr=1370&idc=maliva&ps=933b5bde&refresh_token=b7e43745&s=SEARCH&sc=cover&shcp=c1333099&shp=d05b14bd&t=bacd0480&x-expires=1747116000&x-signature=IUNL3KYfXEuSgRv%2BkizNLOwqICg%3D","1649","68078","1457082","217","mtholfsen","Mike Tholfsen - Microsoft tips","226","16","Useful Microsoft tips üí° Product Manager @ Microsoft ‚¨áÔ∏è More on YouTube ‚¨áÔ∏è"
"6951140368402386182","https://www.tiktok.com/@snehageorrge","2021-04-14","https://p16-sign-va.tiktokcdn.com/tos-maliva-avt-0068/64362161dd1d9b4db5dc3be1e32e5113~tplv-tiktokx-cropcenter:100:100.jpeg?dr=14579&refresh_token=83150dec&x-expires=1752148800&x-signature=UO6M8HoxllswKWfSDUb9OJ8ctuE%3D&t=4d5b0474&ps=13740610&shp=a5d48078&shcp=2472a6c6&idc=maliva","https://p19-sign.tiktokcdn-us.com/tos-useast5-p-0068-tx/2a8a1cbf7c2f409dad837fca012ea015~tplv-tiktokx-origin.image?biz_tag=musically_video.video_cover&dr=1370&idc=maliva&ps=933b5bde&refresh_token=2768fb05&s=SEARCH&sc=cover&shcp=c1333099&shp=d05b14bd&t=bacd0480&x-expires=1752026400&x-signature=Ay%2BUyMkhBFzb3nSN9GAvFy7nFgY%3D","171975","2320655","242727","107","snehageorrge","sneha | nursing student üéÄ","2766","840","handwriting inspo + nursing üéÄüìù @Vital Influence  üìß:sneha@vitalinfluence.com"
"7524304656202206520","https://www.tiktok.com/@juststwef","2025-07-07","https://p16-sign-va.tiktokcdn.com/tos-maliva-avt-0068/4c11ccf189a902f32ba99ce2517b77e3~tplv-tiktokx-cropcenter:100:100.jpeg?dr=14579&refresh_token=5422a507&x-expires=1752148800&x-signature=Dc%2FwZyQMTkLNkTCAclpAp%2BKHh9M%3D&t=4d5b0474&ps=13740610&shp=a5d48078&shcp=2472a6c6&idc=maliva","https://p16-sign-va.tiktokcdn.com/tos-maliva-p-0068/okBVA2laKFl6QE7HIoEDhNfxImoiQMFfBJrZCR~tplv-tiktokx-origin.image?biz_tag=musically_video.video_cover&dr=1370&idc=maliva&ps=933b5bde&refresh_token=ac544359&s=SEARCH&sc=cover&shcp=c1333099&shp=d05b14bd&t=bacd0480&x-expires=1752026400&x-signature=IJ8jp1BU%2FN9DQIWLSZjSn129lsk%3D","851","7787","60492","28","juststwef","stwef","60","31","motivation | studytok | ed tech  üíå collab: juststwef@gmail.com  links ‚¨áÔ∏è"
"7238239282371104026","https://www.tiktok.com/@mlsc.cozy","2023-05-28","https://p16-sign-useast2a.tiktokcdn.com/tos-useast2a-avt-0068-euttp/94a437f7b45b0406b56d273a7bb06258~tplv-tiktokx-cropcenter:100:100.jpeg?dr=14579&refresh_token=2df226fe&x-expires=1752148800&x-signature=ptEteqSZnEwxbEf40g%2FZj59bXSc%3D&t=4d5b0474&ps=13740610&shp=a5d48078&shcp=2472a6c6&idc=maliva","","8939","264726","35096","213","mlsc.cozy","mlsc.cozy","387","94","Books | Desk Setup | Journaling | Tech | Gaming   üíåmlscstudies1@gmail.com"
"7236417166503972122","https://www.tiktok.com/@madetoplan","2023-05-23","https://p16-sign-va.tiktokcdn.com/tos-maliva-avt-0068/7334950606252310534~tplv-tiktokx-cropcenter:100:100.webp?dr=14579&refresh_token=93ba1e9f&x-expires=1752148800&x-signature=cbINrK6kw0%2FoxPO0oGvpImhPIBY%3D&t=4d5b0474&ps=13740610&shp=a5d48078&shcp=2472a6c6&idc=maliva","https://p16-sign-useast2a.tiktokcdn.com/tos-useast2a-p-0037-aiso/d215f341598d4ff097a8d28723ac2595_1684859678~tplv-tiktokx-origin.image?biz_tag=musically_video.video_cover&dr=1370&idc=maliva&ps=933b5bde&refresh_token=b62f6a42&s=SEARCH&sc=cover&shcp=c1333099&shp=d05b14bd&t=bacd0480&x-expires=1752026400&x-signature=IcNmMuuOrUfogZUfYmwPYu6tRFU%3D","2597441","26139311","599155","245","madetoplan","madetoplan‚ÄÇ|‚ÄÇdigital‚ÄÇplanning","68042","3125","‚úçüèªüíû‚ú®üììüßöüèª Kate | digital planning ‚Üì 2025 planners, notebooks, font & freebies"
"7446962864646114590","https://www.tiktok.com/@aaliyahim","2024-12-11","https://p16-sign-va.tiktokcdn.com/tos-maliva-avt-0068/b9cc8c2a763ad635717c739c8c8fa0e5~tplv-tiktokx-cropcenter:100:100.jpeg?dr=14579&refresh_token=f8901417&x-expires=1752148800&x-signature=v52gFz9vaLmtPVMk72IqE5araEc%3D&t=4d5b0474&ps=13740610&shp=a5d48078&shcp=2472a6c6&idc=maliva","https://p16-pu-sign-useast8.tiktokcdn-us.com/tos-useast8-p-0068-tx2/o8DJAEwA1Q2WUF2EoVlfCIAqebASCRAlxnIOAE~tplv-tiktokx-dmt-logom:tos-useast8-i-0068-tx2/ooOAEWfDVEl5RenEv76LBW1OYCVAwE1AFAATIA.image?biz_tag=musically_video.video_cover&dr=16684&idc=maliva&ps=933b5bde&refresh_token=798695c0&s=SEARCH&sc=cover&shcp=c1333099&shp=d05b14bd&t=bacd0480&x-expires=1744174800&x-signature=umUnWdjHMdyGfSpqVylD%2Bq5ycsU%3D","30373","249041","100186","468","aaliyahim","studywithaaliyah","1822","108","pharmacy student ü•º‚öïÔ∏èüìñüíä‚ú®"
"7215893474116111622","https://www.tiktok.com/@thisgirlraneem_","2023-03-29","https://p16-sign-va.tiktokcdn.com/tos-maliva-avt-0068/4c9fa596399662f486776624e89eecaf~tplv-tiktokx-cropcenter:100:100.jpeg?dr=14579&refresh_token=10611b35&x-expires=1752148800&x-signature=TewNbO09USUNAqhodf%2FcddNPgXQ%3D&t=4d5b0474&ps=13740610&shp=a5d48078&shcp=2472a6c6&idc=maliva","https://p16-sign-va.tiktokcdn.com/tos-maliva-p-0068/ea35d5a2417e4581be96144f13260931_1680081127~tplv-tiktokx-origin.image?biz_tag=musically_video.video_cover&dr=1370&idc=maliva&ps=933b5bde&refresh_token=6b77bbb7&s=SEARCH&sc=cover&shcp=c1333099&shp=d05b14bd&t=bacd0480&x-expires=1752026400&x-signature=RJDBcqH7UGFE6g8z9x8s0cD23rI%3D","290603","2798654","14031","18","thisgirlraneem_","thisgirlraneem_","5884","2173","üå± Art ‚Ä¢ study ‚Ä¢ books ‚Ä¢ and more! ‚ú® Discount codes & useful links ‚Üì"
"7484943239540247826","https://www.tiktok.com/@patrishadictado","2025-03-23","https://p9-sign-sg.tiktokcdn.com/tos-alisg-avt-0068/628610f691baef24725e0c52c7983789~tplv-tiktokx-cropcenter:100:100.webp?dr=14579&refresh_token=d64cccef&x-expires=1752148800&x-signature=sR4ak6IfnRAhaNDRjSK7ngmLhFQ%3D&t=4d5b0474&ps=13740610&shp=a5d48078&shcp=2472a6c6&idc=maliva","https://p16-sign-sg.tiktokcdn.com/tos-alisg-p-0037/o8Ay39zODQGDEf9wAmFAUGR8FCfKnABIEMglE3~tplv-tiktokx-origin.image?biz_tag=musically_video.video_cover&dr=1370&idc=maliva&ps=933b5bde&refresh_token=3e78f23a&s=SEARCH&sc=cover&shcp=c1333099&shp=d05b14bd&t=bacd0480&x-expires=1752026400&x-signature=gpwWG9n3Y0Ub4E340U8LbGo8xgU%3D","54436","494624","24527","24","patrishadictado","patit üå∏","2775","130","Patrisha Dictado on YT & IG üå∫ üíå workwithpatrishadictado@gmail.com"
"7365512170215738629","https://www.tiktok.com/@mlkeutea","2024-05-05","https://p16-sign-va.tiktokcdn.com/tos-maliva-avt-0068/52beda4a54f0292bc88b0c6f5133bd98~tplv-tiktokx-cropcenter:100:100.jpeg?dr=14579&refresh_token=b81fc7cc&x-expires=1752148800&x-signature=qGpKC3SXxg2szr7akyi5ZbM%2BvPo%3D&t=4d5b0474&ps=13740610&shp=a5d48078&shcp=2472a6c6&idc=maliva","https://p16-sign-va.tiktokcdn.com/tos-maliva-p-0068/8ab0470c5a304d3b86605b5732b0d37f_1714916946~tplv-tiktokx-origin.image?biz_tag=musically_video.video_cover&dr=1370&idc=maliva&ps=933b5bde&refresh_token=e1dfb587&s=SEARCH&sc=cover&shcp=c1333099&shp=d05b14bd&t=bacd0480&x-expires=1752026400&x-signature=cdlJY%2B2xcvTnRFoxvXyOtVcHGJQ%3D","552545","5774151","11489","131","mlkeutea","mlkeutea","3609","1777","business inquiries ‚Üì"
"7259924365645565226","https://www.tiktok.com/@studymoofin","2023-07-26","https://p16-sign-va.tiktokcdn.com/tos-maliva-avt-0068/ba18e14063fe560ed0540a7ca05f56e6~tplv-tiktokx-cropcenter:100:100.jpeg?dr=14579&refresh_token=369c84b3&x-expires=1752148800&x-signature=esYB8D3QMygmp1yXKOKWuwUwNLI%3D&t=4d5b0474&ps=13740610&shp=a5d48078&shcp=2472a6c6&idc=maliva","https://p16-sign.tiktokcdn-us.com/tos-useast5-p-0068-tx/oE3mKAAtcrYxee3A4AqhAgxeMHQ6fcMqiYfAjQ~tplv-tiktokx-origin.image?biz_tag=musically_video.video_cover&dr=1370&idc=maliva&ps=933b5bde&refresh_token=6b61aee3&s=SEARCH&sc=cover&shcp=c1333099&shp=d05b14bd&t=bacd0480&x-expires=1752026400&x-signature=G23htmn2UozK1Of9tZl2qK7yXlo%3D","1598274","26538415","858282","54","studymoofin","studymoofin ‡±®‡ßé","56558","4931","lifestyle + asmr ü§ç  amazon page, ig, yt ‚Üì üíå studymoofin@gmail.com"
"7226042324902595886","https://www.tiktok.com/@essynotes","2023-04-25","https://p16-sign-va.tiktokcdn.com/tos-maliva-avt-0068/f459678ea0979f14f8d44aec8b135032~tplv-tiktokx-cropcenter:100:100.jpeg?dr=14579&refresh_token=7df07745&x-expires=1752148800&x-signature=Yk2pZCAqvq6JhHaMDiD1%2BR0HdbQ%3D&t=4d5b0474&ps=13740610&shp=a5d48078&shcp=2472a6c6&idc=maliva","https://p16-sign.tiktokcdn-us.com/tos-useast5-p-0068-tx/f5015cd7cbcd46149a6b23865dd8d37b_1682444100~tplv-tiktokx-origin.image?biz_tag=musically_video.video_cover&dr=1370&idc=maliva&ps=933b5bde&refresh_token=b402de1b&s=SEARCH&sc=cover&shcp=c1333099&shp=d05b14bd&t=bacd0480&x-expires=1752026400&x-signature=79sZjkN25zHjBJILegw0XCdEjxE%3D","26855","536229","221755","106","essynotes","essynotes‚ú®","242","124","‚òïÔ∏èüåøüå± üçµ pens I use are linked below ü´∂üèº"
"7480392472523476270","https://www.tiktok.com/@essynotes","2025-03-11","https://p16-sign-va.tiktokcdn.com/tos-maliva-avt-0068/f459678ea0979f14f8d44aec8b135032~tplv-tiktokx-cropcenter:100:100.jpeg?dr=14579&refresh_token=7df07745&x-expires=1752148800&x-signature=Yk2pZCAqvq6JhHaMDiD1%2BR0HdbQ%3D&t=4d5b0474&ps=13740610&shp=a5d48078&shcp=2472a6c6&idc=maliva","https://p16-sign.tiktokcdn-us.com/tos-useast5-p-0068-tx/o0AARpiIEBwzet5vxsiJPrDWwXiAkCAhBB9IA4~tplv-tiktokx-origin.image?biz_tag=musically_video.video_cover&dr=1370&idc=maliva&ps=933b5bde&refresh_token=a42c6c25&s=SEARCH&sc=cover&shcp=c1333099&shp=d05b14bd&t=bacd0480&x-expires=1752026400&x-signature=vdewAnlc2OXWfW5TtqP9aAbiGoc%3D","12640","161671","221755","106","essynotes","essynotes‚ú®","340","70","‚òïÔ∏èüåøüå± üçµ pens I use are linked below ü´∂üèº"
"7500746215479512366","https://www.tiktok.com/@aprilstudies","2025-05-05","https://p16-sign-va.tiktokcdn.com/tos-maliva-avt-0068/f14a097666f570a1b15a284fe0fc92e2~tplv-tiktokx-cropcenter:100:100.jpeg?dr=14579&refresh_token=37da8cae&x-expires=1752148800&x-signature=JLCuomIIl332wyTDSw6Z0z1kKQk%3D&t=4d5b0474&ps=13740610&shp=a5d48078&shcp=2472a6c6&idc=maliva","https://p19-sign.tiktokcdn-us.com/tos-useast5-p-0068-tx/o8oASBYKYCsEAAFRgDhIeRjAAGEOgdfAkEADEn~tplv-tiktokx-origin.image?biz_tag=musically_video.video_cover&dr=1370&idc=maliva&ps=933b5bde&refresh_token=10df4dc2&s=SEARCH&sc=cover&shcp=c1333099&shp=d05b14bd&t=bacd0480&x-expires=1748052000&x-signature=pw1y%2F7JiDC0zjpooQiDRTpR%2BxRI%3D","330","6151","10691","329","aprilstudies","aprilstudies ü´Äü©∫","8","16","pre-nursing student ü§ç sharing what helped me üíå https://linktr.ee/aprilstudies"
"7468832923018366213","https://www.tiktok.com/@ecu_droid","2025-02-08","https://p16-sign-va.tiktokcdn.com/tos-maliva-avt-0068/bcb5aa263456240adec346a33793b9ed~tplv-tiktokx-cropcenter:100:100.jpeg?dr=14579&refresh_token=cf212d7f&x-expires=1752148800&x-signature=GicbnAztrqT6ct%2B5Ru1GHw%2FFjxY%3D&t=4d5b0474&ps=13740610&shp=a5d48078&shcp=2472a6c6&idc=maliva","https://p16-sign-va.tiktokcdn.com/tos-maliva-p-0068/okfTDf89IE7SQfPWOAPgFEzNIcjTAAlQFC2Asy~tplv-tiktokx-origin.image?biz_tag=musically_video.video_cover&dr=1370&idc=maliva&ps=933b5bde&refresh_token=8d014719&s=SEARCH&sc=cover&shcp=c1333099&shp=d05b14bd&t=bacd0480&x-expires=1747116000&x-signature=9nLbssHgYzh%2BoReyVl0uUnKUbW8%3D","123397","2500698","392373","322","ecu_droid","Ecu Droid","40166","558","‚ö°Ô∏èCreador de Contenido tech‚öôÔ∏è contacto.ecudroid@gmail.com ‚ÜòÔ∏èLink de mi perfil‚ÜôÔ∏è"
"7072427310430899462","https://www.tiktok.com/@alevelhelp.32","2022-03-07","https://p16-sign-va.tiktokcdn.com/tos-maliva-avt-0068/7316848042106159110~tplv-tiktokx-cropcenter:100:100.jpeg?dr=14579&refresh_token=bcd75967&x-expires=1752148800&x-signature=pgPb1t3kyZhUa0EcFJZTnXUB5NY%3D&t=4d5b0474&ps=13740610&shp=a5d48078&shcp=2472a6c6&idc=maliva","https://p16-sign-va.tiktokcdn.com/tos-maliva-p-0068/79daf07417e649569ab3434ed5b93cf8~tplv-tiktokx-origin.image?biz_tag=musically_video.video_cover&dr=1370&idc=maliva&ps=933b5bde&refresh_token=ff7cc47d&s=SEARCH&sc=cover&shcp=c1333099&shp=d05b14bd&t=bacd0480&x-expires=1747116000&x-signature=zi%2Ffk2jsxpZuyBohGMXL61PIO7E%3D","12106","308087","601282","5","alevelhelp.32","ùë®-ùíçùíÜùíóùíÜùíç ùíâùíÜùíçùíë","134","22","study hacks + tips üìë business & PR: alevelhelp.32@gmail.com UK üìç"
"7522449763170667781","https://www.tiktok.com/@juststwef","2025-07-02","https://p16-sign-va.tiktokcdn.com/tos-maliva-avt-0068/4c11ccf189a902f32ba99ce2517b77e3~tplv-tiktokx-cropcenter:100:100.jpeg?dr=14579&refresh_token=5422a507&x-expires=1752148800&x-signature=Dc%2FwZyQMTkLNkTCAclpAp%2BKHh9M%3D&t=4d5b0474&ps=13740610&shp=a5d48078&shcp=2472a6c6&idc=maliva","https://p16-sign-va.tiktokcdn.com/tos-maliva-p-0068/oYHfRFwSADzRvD5zIEHBafNuhdEEZoZJQGBlIH~tplv-tiktokx-origin.image?biz_tag=musically_video.video_cover&dr=1370&idc=maliva&ps=933b5bde&refresh_token=b424b01a&s=SEARCH&sc=cover&shcp=c1333099&shp=d05b14bd&t=bacd0480&x-expires=1752026400&x-signature=IER%2FG%2BQbnHelq%2Bev%2FBRuLhcEKCE%3D","1837","13056","60492","28","juststwef","stwef","41","52","motivation | studytok | ed tech  üíå collab: juststwef@gmail.com  links ‚¨áÔ∏è"
"7517436322970160439","https://www.tiktok.com/@essynotes","2025-06-18","https://p16-sign-va.tiktokcdn.com/tos-maliva-avt-0068/f459678ea0979f14f8d44aec8b135032~tplv-tiktokx-cropcenter:100:100.jpeg?dr=14579&refresh_token=7df07745&x-expires=1752148800&x-signature=Yk2pZCAqvq6JhHaMDiD1%2BR0HdbQ%3D&t=4d5b0474&ps=13740610&shp=a5d48078&shcp=2472a6c6&idc=maliva","https://p16-sign.tiktokcdn-us.com/tos-useast5-p-0068-tx/oIENxKIgS1AFiE0Th1RIiUfT6uD0DBPIFFKofT~tplv-tiktokx-origin.image?biz_tag=musically_video.video_cover&dr=1370&idc=maliva&ps=933b5bde&refresh_token=60c89482&s=SEARCH&sc=cover&shcp=c1333099&shp=d05b14bd&t=bacd0480&x-expires=1752026400&x-signature=%2BvKIgv3s%2BnVFq3MsAo3GdG%2FjQ90%3D","19018","443177","221755","106","essynotes","essynotes‚ú®","1034","74","‚òïÔ∏èüåøüå± üçµ pens I use are linked below ü´∂üèº"
"7506580217633262891","","2025-05-20","https://p16-sign-va.tiktokcdn.com/tos-maliva-avt-0068/f459678ea0979f14f8d44aec8b135032~tplv-tiktokx-cropcenter:100:100.jpeg?dr=14579&refresh_token=7df07745&x-expires=1752148800&x-signature=Yk2pZCAqvq6JhHaMDiD1%2BR0HdbQ%3D&t=4d5b0474&ps=13740610&shp=a5d48078&shcp=2472a6c6&idc=maliva","","1165","23265","221755","106","essynotes","essynotes‚ú®","47","9","‚òïÔ∏èüåøüå± üçµ pens I use are linked below ü´∂üèº"
"7372988928384617761","https://www.tiktok.com/@madetoplan","2024-05-25","https://p16-sign-va.tiktokcdn.com/tos-maliva-avt-0068/7334950606252310534~tplv-tiktokx-cropcenter:100:100.webp?dr=14579&refresh_token=93ba1e9f&x-expires=1752148800&x-signature=cbINrK6kw0%2FoxPO0oGvpImhPIBY%3D&t=4d5b0474&ps=13740610&shp=a5d48078&shcp=2472a6c6&idc=maliva","https://p16-sign-useast2a.tiktokcdn.com/tos-useast2a-p-0037-euttp/42d5e6d16d0c490abb30efa15a238463_1716657766~tplv-tiktokx-origin.image?biz_tag=musically_video.video_cover&dr=1370&idc=maliva&ps=933b5bde&refresh_token=efd0f189&s=SEARCH&sc=cover&shcp=c1333099&shp=d05b14bd&t=bacd0480&x-expires=1752026400&x-signature=FnIxToaX3O3aOwLKYhobKFBV1%2Bc%3D","575036","10095987","599155","245","madetoplan","madetoplan‚ÄÇ|‚ÄÇdigital‚ÄÇplanning","37321","1503","‚úçüèªüíû‚ú®üììüßöüèª Kate | digital planning ‚Üì 2025 planners, notebooks, font & freebies"
"7391193107997445418","https://www.tiktok.com/@essynotes","2024-07-13","https://p16-sign-va.tiktokcdn.com/tos-maliva-avt-0068/f459678ea0979f14f8d44aec8b135032~tplv-tiktokx-cropcenter:100:100.jpeg?dr=14579&refresh_token=7df07745&x-expires=1752148800&x-signature=Yk2pZCAqvq6JhHaMDiD1%2BR0HdbQ%3D&t=4d5b0474&ps=13740610&shp=a5d48078&shcp=2472a6c6&idc=maliva","https://p16-sign.tiktokcdn-us.com/tos-useast5-p-0068-tx/c1bb4a17018e45a18ce6645d411f2390_1720896262~tplv-tiktokx-origin.image?biz_tag=musically_video.video_cover&dr=1370&idc=maliva&ps=933b5bde&refresh_token=cb9d75ef&s=SEARCH&sc=cover&shcp=c1333099&shp=d05b14bd&t=bacd0480&x-expires=1752026400&x-signature=ThOTbYXNfn8hdI49j2QI8a0akng%3D","1265","43983","221755","106","essynotes","essynotes‚ú®","39","19","‚òïÔ∏èüåøüå± üçµ pens I use are linked below ü´∂üèº"
"7394449073488596257","https://www.tiktok.com/@sereneplanners","2024-07-22","https://p16-sign-useast2a.tiktokcdn.com/tos-useast2a-avt-0068-euttp/f78dae46e01eb2292e1735fde8347762~tplv-tiktokx-cropcenter:100:100.jpeg?dr=14579&refresh_token=90d78f4a&x-expires=1752148800&x-signature=8ygREU45f6k%2BQadz7RwQOXaAp5I%3D&t=4d5b0474&ps=13740610&shp=a5d48078&shcp=2472a6c6&idc=maliva","","73400","1374544","22031","29","sereneplanners","Serene Planners","5944","354","ü§çRia üå∏Digital Planners ‚úèÔ∏è | GoodNotes + iPad Tips ‚ú® üì±Monthly Free Wallpapers"
"7506893708382489899","","2025-05-21","https://p16-sign-va.tiktokcdn.com/tos-maliva-avt-0068/f459678ea0979f14f8d44aec8b135032~tplv-tiktokx-cropcenter:100:100.jpeg?dr=14579&refresh_token=7df07745&x-expires=1752148800&x-signature=Yk2pZCAqvq6JhHaMDiD1%2BR0HdbQ%3D&t=4d5b0474&ps=13740610&shp=a5d48078&shcp=2472a6c6&idc=maliva","","476","12645","221755","106","essynotes","essynotes‚ú®","6","2","‚òïÔ∏èüåøüå± üçµ pens I use are linked below ü´∂üèº"
"7298336400955493674","https://www.tiktok.com/@essynotes","2023-11-06","https://p16-sign-va.tiktokcdn.com/tos-maliva-avt-0068/f459678ea0979f14f8d44aec8b135032~tplv-tiktokx-cropcenter:100:100.jpeg?dr=14579&refresh_token=7df07745&x-expires=1752148800&x-signature=Yk2pZCAqvq6JhHaMDiD1%2BR0HdbQ%3D&t=4d5b0474&ps=13740610&shp=a5d48078&shcp=2472a6c6&idc=maliva","https://p19-sign.tiktokcdn-us.com/tos-useast5-p-0068-tx/ab104e9ce5034704a3974498fe5e4a9a_1699276392~tplv-tiktokx-origin.image?biz_tag=musically_video.video_cover&dr=1370&idc=maliva&ps=933b5bde&refresh_token=feac53a7&s=SEARCH&sc=cover&shcp=c1333099&shp=d05b14bd&t=bacd0480&x-expires=1752026400&x-signature=Mljyuqwriu9kA0swR581KPO4Jgw%3D","307389","4209664","221755","106","essynotes","essynotes‚ú®","6481","1580","‚òïÔ∏èüåøüå± üçµ pens I use are linked below ü´∂üèº"
"7508483619942599959","https://www.tiktok.com/@madetoplan","2025-05-25","https://p16-sign-va.tiktokcdn.com/tos-maliva-avt-0068/7334950606252310534~tplv-tiktokx-cropcenter:100:100.webp?dr=14579&refresh_token=93ba1e9f&x-expires=1752148800&x-signature=cbINrK6kw0%2FoxPO0oGvpImhPIBY%3D&t=4d5b0474&ps=13740610&shp=a5d48078&shcp=2472a6c6&idc=maliva","https://p16-pu-sign-no.tiktokcdn-eu.com/tos-no1a-p-0037-no/okERKGQm9Bb6A0DdCgfwFJAkA4IphAYWF3MofE~tplv-tiktokx-origin.image?biz_tag=musically_video.video_cover&dr=1370&idc=maliva&ps=933b5bde&refresh_token=f0583981&s=SEARCH&sc=cover&shcp=c1333099&shp=d05b14bd&t=bacd0480&x-expires=1752026400&x-signature=rBTuynjCmU8jRlujgD6KGX02%2Bf8%3D","66201","1922254","599155","245","madetoplan","madetoplan‚ÄÇ|‚ÄÇdigital‚ÄÇplanning","3954","196","‚úçüèªüíû‚ú®üììüßöüèª Kate | digital planning ‚Üì 2025 planners, notebooks, font & freebies"
"7413574956124097798","https://www.tiktok.com/@nicole.studywme","2024-09-12","https://p16-sign-va.tiktokcdn.com/tos-maliva-avt-0068/749da43781abe3f769a563a6884f31a3~tplv-tiktokx-cropcenter:100:100.jpeg?dr=14579&refresh_token=19c3b277&x-expires=1752148800&x-signature=VM761VFF6zipAnaP8GKQmXhG%2BEY%3D&t=4d5b0474&ps=13740610&shp=a5d48078&shcp=2472a6c6&idc=maliva","https://p16-sign-va.tiktokcdn.com/tos-maliva-p-0068/o4fIEhPKEFADH4CQQRODJZRjkjTM8zmiKBKfBz~tplv-tiktokx-origin.image?biz_tag=musically_video.video_cover&dr=1370&idc=maliva&ps=933b5bde&refresh_token=b7eafb1f&s=SEARCH&sc=cover&shcp=c1333099&shp=d05b14bd&t=bacd0480&x-expires=1746194400&x-signature=fU4cLJw1MjxCpX6F2Avqw9Xra8k%3D","2043","42057","37236","116","nicole.studywme","nicole.studywme","57","5","Honours biopharm üë©‚Äçüéì  Building ---> Turbolearn"
"7458352883600198934","https://www.tiktok.com/@madetoplan","2025-01-10","https://p16-sign-va.tiktokcdn.com/tos-maliva-avt-0068/7334950606252310534~tplv-tiktokx-cropcenter:100:100.webp?dr=14579&refresh_token=93ba1e9f&x-expires=1752148800&x-signature=cbINrK6kw0%2FoxPO0oGvpImhPIBY%3D&t=4d5b0474&ps=13740610&shp=a5d48078&shcp=2472a6c6&idc=maliva","https://p16-pu-sign-no.tiktokcdn-eu.com/tos-no1a-p-0037-no/o4gEH77vCBZwTSRB6CiCwIIiIA7GAA4fCABzAL~tplv-tiktokx-origin.image?biz_tag=musically_video.video_cover&dr=1370&idc=maliva&ps=933b5bde&refresh_token=c1e92ddf&s=SEARCH&sc=cover&shcp=c1333099&shp=d05b14bd&t=bacd0480&x-expires=1749020400&x-signature=HudO9TPXIsjYf6f%2FAGt3xMpie%2B8%3D","268767","7646066","599155","245","madetoplan","madetoplan‚ÄÇ|‚ÄÇdigital‚ÄÇplanning","13898","5096","‚úçüèªüíû‚ú®üììüßöüèª Kate | digital planning ‚Üì 2025 planners, notebooks, font & freebies"
"7501398832765308182","https://www.tiktok.com/@happydownloads","2025-05-06","https://p16-sign-va.tiktokcdn.com/tos-maliva-avt-0068/72f2111386d9baab4a8be75bb2b535fb~tplv-tiktokx-cropcenter:100:100.jpeg?dr=14579&refresh_token=13e7f257&x-expires=1752148800&x-signature=lfxcv5ZKj5GPUzsOBJUb0zjkmlE%3D&t=4d5b0474&ps=13740610&shp=a5d48078&shcp=2472a6c6&idc=maliva","https://p16-pu-sign-no.tiktokcdn-eu.com/tos-no1a-p-0037-no/o8fow6RAEaDGca8EBUFKAEAoFHAZIgCflgAktA~tplv-tiktokx-origin.image?biz_tag=musically_video.video_cover&dr=1370&idc=maliva&ps=933b5bde&refresh_token=87d469b7&s=SEARCH&sc=cover&shcp=c1333099&shp=d05b14bd&t=bacd0480&x-expires=1749020400&x-signature=bJOb0rtn2dun%2BgXYby9v88okldY%3D","107183","2352554","1564195","258","happydownloads","HappyDownloads","5143","479","iPad & Samsung tips üëá my planner shop & Amazon favs üíå rina@happydownloads.net"
"7277225773423971614","https://www.tiktok.com/@alliemariedigital","2023-09-10","https://p16-sign-va.tiktokcdn.com/tos-maliva-avt-0068/ad15e89657491eeb011b48152ad94cc3~tplv-tiktokx-cropcenter:100:100.jpeg?dr=14579&refresh_token=69c70fae&x-expires=1752148800&x-signature=I54wTHKJ5BmmGepJq8n7LfDzMJo%3D&t=4d5b0474&ps=13740610&shp=a5d48078&shcp=2472a6c6&idc=maliva","","752","29059","133350","720","alliemariedigital","Allie Marie","9","13","iPad and Planning Tipsü§ç üìç UTAH"
"7517708445362064662","https://www.tiktok.com/@happydownloads","2025-06-19","https://p16-sign-va.tiktokcdn.com/tos-maliva-avt-0068/72f2111386d9baab4a8be75bb2b535fb~tplv-tiktokx-cropcenter:100:100.jpeg?dr=14579&refresh_token=13e7f257&x-expires=1752148800&x-signature=lfxcv5ZKj5GPUzsOBJUb0zjkmlE%3D&t=4d5b0474&ps=13740610&shp=a5d48078&shcp=2472a6c6&idc=maliva","https://p16-pu-sign-no.tiktokcdn-eu.com/tos-no1a-p-0037-no/oMCxARgVAFBAAEEAEoEDgAfGIAHtgQGfFkUBFR~tplv-tiktokx-origin.image?biz_tag=musically_video.video_cover&dr=1370&idc=maliva&ps=933b5bde&refresh_token=98a0b6eb&s=SEARCH&sc=cover&shcp=c1333099&shp=d05b14bd&t=bacd0480&x-expires=1751713200&x-signature=y0BKERtnt0fDtTtGzRJ3KFhNGRQ%3D","99135","1779463","1564195","258","happydownloads","HappyDownloads","3260","425","iPad & Samsung tips üëá my planner shop & Amazon favs üíå rina@happydownloads.net"
"7378208746348104991","https://www.tiktok.com/@alliemariedigital","2024-06-08","https://p16-sign-va.tiktokcdn.com/tos-maliva-avt-0068/ad15e89657491eeb011b48152ad94cc3~tplv-tiktokx-cropcenter:100:100.jpeg?dr=14579&refresh_token=69c70fae&x-expires=1752148800&x-signature=I54wTHKJ5BmmGepJq8n7LfDzMJo%3D&t=4d5b0474&ps=13740610&shp=a5d48078&shcp=2472a6c6&idc=maliva","","428","12388","133350","720","alliemariedigital","Allie Marie","15","4","iPad and Planning Tipsü§ç üìç UTAH"
"7435028173420580129","https://www.tiktok.com/@sereneplanners","2024-11-08","https://p16-sign-useast2a.tiktokcdn.com/tos-useast2a-avt-0068-euttp/f78dae46e01eb2292e1735fde8347762~tplv-tiktokx-cropcenter:100:100.jpeg?dr=14579&refresh_token=90d78f4a&x-expires=1752148800&x-signature=8ygREU45f6k%2BQadz7RwQOXaAp5I%3D&t=4d5b0474&ps=13740610&shp=a5d48078&shcp=2472a6c6&idc=maliva","https://p16-sign-useast2a.tiktokcdn.com/tos-useast2a-p-0037-euttp/okQuQDGejhLXAgMOeXk982zs4wIIxQIgefQsEa~tplv-tiktokx-origin.image?biz_tag=musically_video.video_cover&dr=1370&idc=maliva&ps=933b5bde&refresh_token=90d40d05&s=SEARCH&sc=cover&shcp=c1333099&shp=d05b14bd&t=bacd0480&x-expires=1744830000&x-signature=MDqdbkdy%2FgeMtYogATQwvgJJK9E%3D","325936","5750146","22031","29","sereneplanners","Serene Planners","10378","1129","ü§çRia üå∏Digital Planners ‚úèÔ∏è | GoodNotes + iPad Tips ‚ú® üì±Monthly Free Wallpapers"
"7300304764200488238","https://www.tiktok.com/@digital.collectives","2023-11-11","https://p16-sign-va.tiktokcdn.com/tos-maliva-avt-0068/72cfd9f65b1ab204d3f6ed670df77bb2~tplv-tiktokx-cropcenter:100:100.jpeg?dr=14579&refresh_token=c7814fe6&x-expires=1752148800&x-signature=kPahj6g41xbalCjhcsjzQoHG%2Fvk%3D&t=4d5b0474&ps=13740610&shp=a5d48078&shcp=2472a6c6&idc=maliva","https://p16-sign.tiktokcdn-us.com/tos-useast5-p-0068-tx/f0640b980e1148ad8ef85d75d38c4b03_1699734676~tplv-tiktokx-origin.image?biz_tag=musically_video.video_cover&dr=1370&idc=maliva&ps=933b5bde&refresh_token=ddca2488&s=SEARCH&sc=cover&shcp=c1333099&shp=d05b14bd&t=bacd0480&x-expires=1752026400&x-signature=8C0EFW8AWoFnLVcXEiGo%2BYp%2Fet4%3D","1948155","27512401","70499","67","digital.collectives","Digital Collectives","56206","3501","Ôºä Digital Planning tips & iPad aesthetics ‚úçüèº ‚ô° Shop, freebies, & links below ‚Ü¥"
"7491225898415443207","https://www.tiktok.com/@salliqueen","2025-04-09","https://p16-sign-sg.tiktokcdn.com/tos-alisg-avt-0068/02cb7e4e86155b55292b0b8fb37c8a13~tplv-tiktokx-cropcenter:100:100.jpeg?dr=14579&refresh_token=2e93f26f&x-expires=1752148800&x-signature=MfT3mGLu64dLXxnaj779IwdMb7Q%3D&t=4d5b0474&ps=13740610&shp=a5d48078&shcp=2472a6c6&idc=maliva","https://p16-sign-sg.tiktokcdn.com/tos-alisg-p-0037/o0xuUiBkREBcFIAjB2iEWcCALAEgkwAAenf75D~tplv-tiktokx-origin.image?biz_tag=musically_video.video_cover&dr=1370&idc=maliva&ps=933b5bde&refresh_token=e964903d&s=SEARCH&sc=cover&shcp=c1333099&shp=d05b14bd&t=bacd0480&x-expires=1750896000&x-signature=rZ3dZKMnSVtn9ZH5LyYTry3QcAY%3D","6489","121354","60029","279","salliqueen","Sally Matiashvili","1329","21","Content Creator üì® business.salliqueenm@gmail.com"
"7522106130546298134","https://www.tiktok.com/@happydownloads","2025-07-01","https://p16-sign-va.tiktokcdn.com/tos-maliva-avt-0068/72f2111386d9baab4a8be75bb2b535fb~tplv-tiktokx-cropcenter:100:100.jpeg?dr=14579&refresh_token=13e7f257&x-expires=1752148800&x-signature=lfxcv5ZKj5GPUzsOBJUb0zjkmlE%3D&t=4d5b0474&ps=13740610&shp=a5d48078&shcp=2472a6c6&idc=maliva","https://p16-pu-sign-no.tiktokcdn-eu.com/tos-no1a-p-0037-no/osBEkI4GgAHzFI4wRifDfoBCEAYrziEX7AWYAj~tplv-tiktokx-origin.image?biz_tag=musically_video.video_cover&dr=1370&idc=maliva&ps=933b5bde&refresh_token=0bc4dc3d&s=SEARCH&sc=cover&shcp=c1333099&shp=d05b14bd&t=bacd0480&x-expires=1752055200&x-signature=1%2BIlcM3kRfTxaHpXWs%2FUD89KOlE%3D","31104","649992","1564195","258","happydownloads","HappyDownloads","1133","146","iPad & Samsung tips üëá my planner shop & Amazon favs üíå rina@happydownloads.net"
"7475038006655585558","https://www.tiktok.com/@alevelhelp.32","2025-02-24","https://p16-sign-va.tiktokcdn.com/tos-maliva-avt-0068/7316848042106159110~tplv-tiktokx-cropcenter:100:100.jpeg?dr=14579&refresh_token=bcd75967&x-expires=1752148800&x-signature=pgPb1t3kyZhUa0EcFJZTnXUB5NY%3D&t=4d5b0474&ps=13740610&shp=a5d48078&shcp=2472a6c6&idc=maliva","https://p16-pu-sign-no.tiktokcdn-eu.com/tos-no1a-p-0037-no/ogqWEyH71BA3q6Xl3li5CIzBOCXwDAC3I7fL8i~tplv-tiktokx-origin.image?biz_tag=musically_video.video_cover&dr=1370&idc=maliva&ps=933b5bde&refresh_token=dbd13b83&s=SEARCH&sc=cover&shcp=c1333099&shp=d05b14bd&t=bacd0480&x-expires=1752055200&x-signature=MY8nHpOfPdVqJ%2B5v5V82cBHSwYI%3D","105428","1585512","601282","5","alevelhelp.32","ùë®-ùíçùíÜùíóùíÜùíç ùíâùíÜùíçùíë","3809","183","study hacks + tips üìë business & PR: alevelhelp.32@gmail.com UK üìç"
"7413404617389788421","https://www.tiktok.com/@booksandthingsexplained","2024-09-11","https://p16-sign-va.tiktokcdn.com/tos-maliva-avt-0068/28360721ac68a364a85ef89d84531984~tplv-tiktokx-cropcenter:100:100.jpeg?dr=14579&refresh_token=692657f3&x-expires=1752148800&x-signature=1IAAWf2ODS1jawK4DtS1rFmOl98%3D&t=4d5b0474&ps=13740610&shp=a5d48078&shcp=2472a6c6&idc=maliva","https://p16-sign-va.tiktokcdn.com/tos-maliva-p-0068/40b62f863c454ca99035be5ddab6815a_1726067782~tplv-tiktokx-origin.image?biz_tag=musically_video.video_cover&dr=1370&idc=maliva&ps=933b5bde&refresh_token=0cdf0399&s=SEARCH&sc=cover&shcp=c1333099&shp=d05b14bd&t=bacd0480&x-expires=1752055200&x-signature=KAzBDIGGsFSeZDstWvc9WOHl4%2BI%3D","49335","437551","147859","225","booksandthingsexplained","Rana | nonfiction books","827","193","üëß Hey, I'm Rana!  üìö reading & learning  üìß booksandthingsexplained@gmail.com"
"7226432369467690246","https://www.tiktok.com/@studycool29","2023-04-26","https://p16-sign-va.tiktokcdn.com/tos-maliva-avt-0068/907e48fbee0a21ff1712db8c0a4472dd~tplv-tiktokx-cropcenter:100:100.jpeg?dr=14579&refresh_token=2a993ab9&x-expires=1752148800&x-signature=MSxj8BddBvaNZeoEYyvuV1l3okI%3D&t=4d5b0474&ps=13740610&shp=a5d48078&shcp=2472a6c6&idc=maliva","https://p16-sign-va.tiktokcdn.com/tos-maliva-p-0068/afa37b62e6b448b6baeef48d7c6f5a06_1682534904~tplv-tiktokx-origin.image?biz_tag=musically_video.video_cover&dr=1370&idc=maliva&ps=933b5bde&refresh_token=5711a0e1&s=SEARCH&sc=cover&shcp=c1333099&shp=d05b14bd&t=bacd0480&x-expires=1752055200&x-signature=76Rj77k7sP%2BjQOKdouoxvRgzD84%3D","834658","11418093","2670752","32","studycool29","studycool29","22994","1227","üå∏Journaling,rese√±as,etcüå∏ ‚ú®Nickyüáµüá™ üå∑It's never too late to do what you love"
"7513285753439390996","https://www.tiktok.com/@cerulean.naa","2025-06-07","https://p16-sign-sg.tiktokcdn.com/tos-alisg-avt-0068/4abcb8e56ebf8748d22ddfc0f0901722~tplv-tiktokx-cropcenter:100:100.jpeg?dr=14579&refresh_token=3c3d6073&x-expires=1752148800&x-signature=jzXupjrPZCe%2B0vhm63gxjHz%2BNeU%3D&t=4d5b0474&ps=13740610&shp=a5d48078&shcp=2472a6c6&idc=maliva","https://p16-sign-sg.tiktokcdn.com/tos-alisg-p-0037/ooaIBf81CiOqIajySE0wiA6EIxIkA1obdAO0pr~tplv-tiktokx-origin.image?biz_tag=musically_video.video_cover&dr=1370&idc=maliva&ps=933b5bde&refresh_token=36bed0bd&s=SEARCH&sc=cover&shcp=c1333099&shp=d05b14bd&t=bacd0480&x-expires=1752055200&x-signature=8q1RNch2kDaByxbt2MlOl11Vn%2Bg%3D","5532","40104","94932","136","cerulean.naa","÷¥A Àñ‚òÅÔ∏è‡ºã‡ºò‡øê ‚ãÜ","56","16","„Äå‚ÇäÀö online diary*‚ü°‚Äß„Äç studytok || mini vlog ÀóÀèÀã ‚òÖ ÀéÀäÀó ‚úâÔ∏è : cerulean.naa@gmail.com"
"7442050963973721376","https://www.tiktok.com/@bstudycorner","2024-11-27","https://p16-sign-useast2a.tiktokcdn.com/tos-useast2a-avt-0068-euttp/e20a2b6813186c33c0aedc110fa0506d~tplv-tiktokx-cropcenter:100:100.jpeg?dr=14579&refresh_token=6892d9e7&x-expires=1752148800&x-signature=pGssMZgnllqnjdbi4JKS%2BksTofI%3D&t=4d5b0474&ps=13740610&shp=a5d48078&shcp=2472a6c6&idc=maliva","https://p16-sign-useast2a.tiktokcdn.com/tos-useast2a-p-0037-euttp/ogdyQGPRSEs3y6DxD9QFARfFQf8YnBEBqDmuOA~tplv-tiktokx-origin.image?biz_tag=musically_video.video_cover&dr=1370&idc=maliva&ps=933b5bde&refresh_token=01a107e6&s=SEARCH&sc=cover&shcp=c1333099&shp=d05b14bd&t=bacd0480&x-expires=1752055200&x-signature=usOY2MhegPN4%2BXtgmIuzNLT%2B%2BRU%3D","88909","963375","412125","113","bstudycorner","B Study","4079","515","All things study, books, lifestyle Links in bio ‚ú®üìö üíå: bstudycorner@outlook.com"
"7350160628788514055","https://www.tiktok.com/@cerulean.naa","2024-03-25","https://p16-sign-sg.tiktokcdn.com/tos-alisg-avt-0068/4abcb8e56ebf8748d22ddfc0f0901722~tplv-tiktokx-cropcenter:100:100.jpeg?dr=14579&refresh_token=3c3d6073&x-expires=1752148800&x-signature=jzXupjrPZCe%2B0vhm63gxjHz%2BNeU%3D&t=4d5b0474&ps=13740610&shp=a5d48078&shcp=2472a6c6&idc=maliva","https://p16-sign-sg.tiktokcdn.com/tos-alisg-p-0037/o0gPvHG9QDCIlWE4eEAAQD2LXXeLKICWt8frgu~tplv-tiktokx-origin.image?biz_tag=musically_video.video_cover&dr=1370&idc=maliva&ps=933b5bde&refresh_token=084e6fd1&s=SEARCH&sc=cover&shcp=c1333099&shp=d05b14bd&t=bacd0480&x-expires=1752055200&x-signature=coZuNkU0lhAVkPxbslPgUBk1ZuM%3D","4945","53406","94932","136","cerulean.naa","÷¥A Àñ‚òÅÔ∏è‡ºã‡ºò‡øê ‚ãÜ","132","37","„Äå‚ÇäÀö online diary*‚ü°‚Äß„Äç studytok || mini vlog ÀóÀèÀã ‚òÖ ÀéÀäÀó ‚úâÔ∏è : cerulean.naa@gmail.com"
"7520650022224973076","https://www.tiktok.com/@cerulean.naa","2025-06-27","https://p16-sign-sg.tiktokcdn.com/tos-alisg-avt-0068/4abcb8e56ebf8748d22ddfc0f0901722~tplv-tiktokx-cropcenter:100:100.jpeg?dr=14579&refresh_token=3c3d6073&x-expires=1752148800&x-signature=jzXupjrPZCe%2B0vhm63gxjHz%2BNeU%3D&t=4d5b0474&ps=13740610&shp=a5d48078&shcp=2472a6c6&idc=maliva","https://p16-sign-sg.tiktokcdn.com/tos-alisg-p-0037/og2rQ8FiUa4fGFreDEDAQ5vsjpQAtCaIdWEvfr~tplv-tiktokx-origin.image?biz_tag=musically_video.video_cover&dr=1370&idc=maliva&ps=933b5bde&refresh_token=6d217b52&s=SEARCH&sc=cover&shcp=c1333099&shp=d05b14bd&t=bacd0480&x-expires=1752055200&x-signature=E2erWsAYf2HEp%2Bn9kEOwQuCg%2B0Q%3D","11959","150289","94932","136","cerulean.naa","÷¥A Àñ‚òÅÔ∏è‡ºã‡ºò‡øê ‚ãÜ","141","78","„Äå‚ÇäÀö online diary*‚ü°‚Äß„Äç studytok || mini vlog ÀóÀèÀã ‚òÖ ÀéÀäÀó ‚úâÔ∏è : cerulean.naa@gmail.com"
"7361055115152837895","https://www.tiktok.com/@kilonotesapp","2024-04-23","https://p16-sign-useast2a.tiktokcdn.com/tos-useast2a-avt-0068-aiso/3a7eec492bce77f1c560b04c6392234f~tplv-tiktokx-cropcenter:100:100.jpeg?dr=14579&refresh_token=ecb8a51d&x-expires=1752148800&x-signature=1uqFT%2FSQx9Sp%2Fat4PYjZzBwzt9k%3D&t=4d5b0474&ps=13740610&shp=a5d48078&shcp=2472a6c6&idc=maliva","https://p16-sign-sg.tiktokcdn.com/tos-alisg-p-0037/oEm6U2nTiBeE7AFR6BoI1KVBVJEjgbfMWPuDEc~tplv-tiktokx-origin.image?biz_tag=musically_video.video_cover&dr=1370&idc=maliva&ps=933b5bde&refresh_token=69adfaa0&s=SEARCH&sc=cover&shcp=c1333099&shp=d05b14bd&t=bacd0480&x-expires=1752055200&x-signature=5RkVFLA8UG4pmtznYTHnQQW5br8%3D","114283","2809715","94347","230","kilonotesapp","Create with kilonotes | Sophia","3500","909","üëãüèª I'm Sophia üì± iPad-Android study notes+digital journal ‚¨áÔ∏è Download for FREE"
"7255368267718593835","https://www.tiktok.com/@snehageorrge","2023-07-13","https://p16-sign-va.tiktokcdn.com/tos-maliva-avt-0068/64362161dd1d9b4db5dc3be1e32e5113~tplv-tiktokx-cropcenter:100:100.jpeg?dr=14579&refresh_token=83150dec&x-expires=1752148800&x-signature=UO6M8HoxllswKWfSDUb9OJ8ctuE%3D&t=4d5b0474&ps=13740610&shp=a5d48078&shcp=2472a6c6&idc=maliva","https://p16-sign.tiktokcdn-us.com/tos-useast5-p-0068-tx/85cb061eb10e44ed89a262c8316947d4~tplv-tiktokx-origin.image?biz_tag=musically_video.video_cover&dr=1370&idc=maliva&ps=933b5bde&refresh_token=6f314f63&s=SEARCH&sc=cover&shcp=c1333099&shp=d05b14bd&t=bacd0480&x-expires=1752055200&x-signature=txuvriv6Cc3gN58oR9HCJLxBPaA%3D","10519","148470","242727","107","snehageorrge","sneha | nursing student üéÄ","209","42","handwriting inspo + nursing üéÄüìù @Vital Influence  üìß:sneha@vitalinfluence.com"
"7488405188034743557","https://www.tiktok.com/@.victorias.notes","2025-04-01","https://p16-sign-va.tiktokcdn.com/tos-maliva-avt-0068/0e933aad1a3a5c6839c9cc0430fb6fcf~tplv-tiktokx-cropcenter:100:100.jpeg?dr=14579&refresh_token=a197a072&x-expires=1752148800&x-signature=OjBYT4QxgYLyVDJoKaWIdvvu2vs%3D&t=4d5b0474&ps=13740610&shp=a5d48078&shcp=2472a6c6&idc=maliva","https://p16-sign-va.tiktokcdn.com/tos-maliva-p-0068/oEAgANUs4FzIvBNA6DBwoE3SEeKIioioAEACoI~tplv-tiktokx-origin.image?biz_tag=musically_video.video_cover&dr=1370&idc=maliva&ps=933b5bde&refresh_token=b481c484&s=SEARCH&sc=cover&shcp=c1333099&shp=d05b14bd&t=bacd0480&x-expires=1752055200&x-signature=pTuCyCHRFMzHIdQk%2B6xKzVfjmag%3D","5198","83929","134537","5",".victorias.notes","‚ú® Victoria‚Äôs Notes ‚ú®","271","31","üá®üá¶ Study Tips | Hauls  üíå: victorias.notes.4@gmail.com"
"7405230432616271122","https://www.tiktok.com/@anhphibantao.hn","2024-08-20","https://p16-sign-useast2a.tiktokcdn.com/tos-useast2a-avt-0068-giso/9d671eb4b50f6841581212a11eb9d835~tplv-tiktokx-cropcenter:100:100.jpeg?dr=14579&refresh_token=b4233cff&x-expires=1752148800&x-signature=BfS9JNUUmXW8nX8nhxuV%2BXOItaw%3D&t=4d5b0474&ps=13740610&shp=a5d48078&shcp=2472a6c6&idc=maliva","https://p16-sign-sg.tiktokcdn.com/tos-alisg-p-0037/fcc494b8316b48fd91c0d13f5e74d739_1724164582~tplv-tiktokx-origin.image?biz_tag=musically_video.video_cover&dr=1370&idc=maliva&ps=933b5bde&refresh_token=41fc2ef0&s=SEARCH&sc=cover&shcp=c1333099&shp=d05b14bd&t=bacd0480&x-expires=1752055200&x-signature=wF4YrgZSF3TiKBwWKjxoMJvK%2BZU%3D","15452","502267","295715","6","anhphibantao.hn","Anh Phi C√¥ng Ngh·ªá","992","186","ü™êAnh Phi c√≥ MacBook v√† iPad ch√≠nh h√£ng gi√° t·ªët ü™êH√†nh tinh ph·ª• ki·ªán c√¥ng ngh·ªá"
"7508409073407167766","https://www.tiktok.com/@happydownloads","2025-05-25","https://p16-sign-va.tiktokcdn.com/tos-maliva-avt-0068/72f2111386d9baab4a8be75bb2b535fb~tplv-tiktokx-cropcenter:100:100.jpeg?dr=14579&refresh_token=13e7f257&x-expires=1752148800&x-signature=lfxcv5ZKj5GPUzsOBJUb0zjkmlE%3D&t=4d5b0474&ps=13740610&shp=a5d48078&shcp=2472a6c6&idc=maliva","https://p16-pu-sign-no.tiktokcdn-eu.com/tos-no1a-p-0037-no/oU6GLFALnIqAiBSmIAAIIeUPIdZfQQAfIL7jAn~tplv-tiktokx-origin.image?biz_tag=musically_video.video_cover&dr=1370&idc=maliva&ps=933b5bde&refresh_token=2f67140d&s=SEARCH&sc=cover&shcp=c1333099&shp=d05b14bd&t=bacd0480&x-expires=1752055200&x-signature=JqNycWs%2FTf%2BT%2BF0ZGJ6GBluCF9A%3D","60817","1199423","1564195","258","happydownloads","HappyDownloads","2386","256","iPad & Samsung tips üëá my planner shop & Amazon favs üíå rina@happydownloads.net"
"7351793326384762154","https://www.tiktok.com/@snehageorrge","2024-03-29","https://p16-sign-va.tiktokcdn.com/tos-maliva-avt-0068/64362161dd1d9b4db5dc3be1e32e5113~tplv-tiktokx-cropcenter:100:100.jpeg?dr=14579&refresh_token=83150dec&x-expires=1752148800&x-signature=UO6M8HoxllswKWfSDUb9OJ8ctuE%3D&t=4d5b0474&ps=13740610&shp=a5d48078&shcp=2472a6c6&idc=maliva","https://p19-sign.tiktokcdn-us.com/tos-useast5-p-0068-tx/840cb6338bfc4c5aa97273cb0bfdb34c_1711722807~tplv-tiktokx-origin.image?biz_tag=musically_video.video_cover&dr=1370&idc=maliva&ps=933b5bde&refresh_token=60534322&s=SEARCH&sc=cover&shcp=c1333099&shp=d05b14bd&t=bacd0480&x-expires=1752055200&x-signature=I5eK7Rizq%2FX3eCs7GFxJqnh8sfU%3D","140201","1080305","242727","107","snehageorrge","sneha | nursing student üéÄ","2272","322","handwriting inspo + nursing üéÄüìù @Vital Influence  üìß:sneha@vitalinfluence.com"
"7348339796462357765","https://www.tiktok.com/@stacey.studiess","2024-03-20","https://p9-sign-sg.tiktokcdn.com/tos-alisg-avt-0068/010cc2bbaf017c55bfba30e4f36a48d3~tplv-tiktokx-cropcenter:100:100.webp?dr=14579&refresh_token=264b5b22&x-expires=1752148800&x-signature=JuwfayIBRuj7OpUUFybjQWmDts4%3D&t=4d5b0474&ps=13740610&shp=a5d48078&shcp=2472a6c6&idc=maliva","https://p16-sign-va.tiktokcdn.com/tos-maliva-p-0068/oMrfkEjIBHpH0ABsoiP4A3CnEi2JDygB9xyKu9~tplv-tiktokx-origin.image?biz_tag=musically_video.video_cover&dr=1370&idc=maliva&ps=933b5bde&refresh_token=622224c5&s=SEARCH&sc=cover&shcp=c1333099&shp=d05b14bd&t=bacd0480&x-expires=1752055200&x-signature=hal5T7B8Vm7rXioZdMHLiaIMXAk%3D","51934","1407176","100217","297","stacey.studiess","stacey.studiess","1751","272","4th year BS Accountancy  ¬∑Àö ‡ºò College Student || Content Creator ¬∑Àö ‡ºò"
"7391751413275036935","https://www.tiktok.com/@stacey.studiess","2024-07-15","https://p9-sign-sg.tiktokcdn.com/tos-alisg-avt-0068/010cc2bbaf017c55bfba30e4f36a48d3~tplv-tiktokx-cropcenter:100:100.webp?dr=14579&refresh_token=264b5b22&x-expires=1752148800&x-signature=JuwfayIBRuj7OpUUFybjQWmDts4%3D&t=4d5b0474&ps=13740610&shp=a5d48078&shcp=2472a6c6&idc=maliva","https://p16-sign-sg.tiktokcdn.com/tos-alisg-p-0037/86177fdb1d9848a0a74b6e52aa6268f8_1721026295~tplv-tiktokx-origin.image?biz_tag=musically_video.video_cover&dr=1370&idc=maliva&ps=933b5bde&refresh_token=65167e2a&s=SEARCH&sc=cover&shcp=c1333099&shp=d05b14bd&t=bacd0480&x-expires=1752055200&x-signature=WtNIMw0jLdLTSFJOKJprmJccr34%3D","146519","1077864","100217","297","stacey.studiess","stacey.studiess","3065","458","4th year BS Accountancy  ¬∑Àö ‡ºò College Student || Content Creator ¬∑Àö ‡ºò"
"7342142916992765217","https://www.tiktok.com/@samhalleberg","2024-03-03","https://p16-sign-useast2a.tiktokcdn.com/tos-useast2a-avt-0068-euttp/6dcfc22869d0c6b4b4f2af286a65f2f5~tplv-tiktokx-cropcenter:100:100.jpeg?dr=14579&refresh_token=f74768d3&x-expires=1752148800&x-signature=rHbW3UjNx%2BQG6oBr%2FuMTdfZEKeI%3D&t=4d5b0474&ps=13740610&shp=a5d48078&shcp=2472a6c6&idc=maliva","https://p16-sign-useast2a.tiktokcdn.com/tos-useast2a-p-0037-euttp/o8IPih7DAxoIoCBy8SniiHmeEAvPyqmkMoBiCV~tplv-tiktokx-origin.image?biz_tag=musically_video.video_cover&dr=1370&idc=maliva&ps=933b5bde&refresh_token=b3e55776&s=SEARCH&sc=cover&shcp=c1333099&shp=d05b14bd&t=bacd0480&x-expires=1752055200&x-signature=g2ajdU4oHrNaO03qCQgPwEqh3UQ%3D","3903","92188","34111","1992","samhalleberg","samhalleberg","176","17","‚òïÔ∏èstudy tips & tricks üé•IG: @samhalleberg 900k+ üìù collabs: sam@fluencify.io"
"7267074770787683616","https://www.tiktok.com/@semplicemente.alicez","2023-08-14","https://p16-sign-useast2a.tiktokcdn.com/tos-useast2a-avt-0068-euttp/1c2de8a1942147a6ace3a2e2dedd9f58~tplv-tiktokx-cropcenter:100:100.jpeg?dr=14579&refresh_token=ce70b08a&x-expires=1752148800&x-signature=nOfNF9zzSPXWaS%2FlLUzgjqlOEPI%3D&t=4d5b0474&ps=13740610&shp=a5d48078&shcp=2472a6c6&idc=maliva","https://p16-sign-useast2a.tiktokcdn.com/tos-useast2a-p-0037-euttp/7ce061dc032c41e48fe0c39171f79780_1712061891~tplv-tiktokx-origin.image?biz_tag=musically_video.video_cover&dr=1370&idc=maliva&ps=933b5bde&refresh_token=0668adae&s=SEARCH&sc=cover&shcp=c1333099&shp=d05b14bd&t=bacd0480&x-expires=1752055200&x-signature=ANbzqTl4L7%2BSZ%2BfvHodEIAzveOM%3D","36368","512428","104559","43","semplicemente.alicez","ALICEüçô| studytok","276","114","üáÆüáπStationery & studytok üíåsemplicemente.alicez@gmail.com  ‚¨áÔ∏èlinks‚¨áÔ∏è"
"7410376478879124757","https://www.tiktok.com/@by.swgmia","2024-09-03","https://p9-sign-sg.tiktokcdn.com/tos-alisg-avt-0068/d9930545ddfdfbc37ff85fbfbcc987e9~tplv-tiktokx-cropcenter:100:100.webp?dr=14579&refresh_token=debf62e7&x-expires=1752148800&x-signature=tNTZdt%2FkxjljIcSI%2BqWogrM4VEA%3D&t=4d5b0474&ps=13740610&shp=a5d48078&shcp=2472a6c6&idc=maliva","https://p16-sign-sg.tiktokcdn.com/tos-alisg-p-0037/86533609f03c4a16ae039b4bc3860cd5_1725362737~tplv-tiktokx-origin.image?biz_tag=musically_video.video_cover&dr=1370&idc=maliva&ps=933b5bde&refresh_token=4650fe75&s=SEARCH&sc=cover&shcp=c1333099&shp=d05b14bd&t=bacd0480&x-expires=1752055200&x-signature=ZRuOtC3v4tBSXb80W4y1VFTXyjU%3D","21209","193436","240411","1072","by.swgmia","suong mai","486","108","IG: by.swgmia handwriting, study, tech, desk"
"7133641319666306309","https://www.tiktok.com/@alenotes17","2022-08-19","https://p16-sign-va.tiktokcdn.com/tos-maliva-avt-0068/cdead078808bf95351cf797423f1e0fc~tplv-tiktokx-cropcenter:100:100.jpeg?dr=14579&refresh_token=7c7025a3&x-expires=1752148800&x-signature=gyoB8n9VGEYVdBVwQer%2FBOitOB0%3D&t=4d5b0474&ps=13740610&shp=a5d48078&shcp=2472a6c6&idc=maliva","https://p16-sign-va.tiktokcdn.com/tos-maliva-p-0068/7ab0ee9f7a084976b8a6c59a9aee1ee2_1660930305~tplv-tiktokx-dmt-logom:tos-useast2a-v-0068/4e49c2cb52b5484d8ef9c0d8003f4e26.image?biz_tag=musically_video.video_cover&dr=16684&idc=maliva&ps=933b5bde&refresh_token=5db7672b&s=SEARCH&sc=cover&shcp=c1333099&shp=d05b14bd&t=bacd0480&x-expires=1752055200&x-signature=sKeZO5%2Fo38GvFGJLIyNYFVvJCAo%3D","371485","5443868","323425","224","alenotes17","Ale Notes","1996","755","üåà Creando para inspirarüñçÔ∏è ‚ú®üíåmbonillapedroza1@gmail.com‚ú®"
"6931697047275883781","https://www.tiktok.com/@elvira_drawings","2021-02-21","https://p16-sign-useast2a.tiktokcdn.com/tos-useast2a-avt-0068-euttp/4f41e98f9931e097fe13a4103a4f875d~tplv-tiktokx-cropcenter:100:100.jpeg?dr=14579&refresh_token=bfc768cd&x-expires=1752148800&x-signature=0UJbP7c7WLUnLpsz95LM6zQQ1xA%3D&t=4d5b0474&ps=13740610&shp=a5d48078&shcp=2472a6c6&idc=maliva","https://p16-sign-va.tiktokcdn.com/tos-maliva-p-0068/e888e75792744b0f97dda9280e95b4e1~tplv-tiktokx-origin.image?biz_tag=musically_video.video_cover&dr=1370&idc=maliva&ps=933b5bde&refresh_token=0c9a9d57&s=SEARCH&sc=cover&shcp=c1333099&shp=d05b14bd&t=bacd0480&x-expires=1752055200&x-signature=csoGIEJAooNEwu%2B6yBdOIKSx03Y%3D","153213","1428234","646724","90","elvira_drawings","Elvira","3586","443","üáÆüáπüá¶üá± Drawings ideas and tutorials Ig:elvira.drawings Youtube:elvira_drawings"
"7054547964726938881","https://www.tiktok.com/@thetoffeebrand","2022-01-18","https://p16-sign-va.tiktokcdn.com/tos-maliva-avt-0068/09a31ec88483679680a5573281f06079~tplv-tiktokx-cropcenter:100:100.jpeg?dr=14579&refresh_token=b0cf6a84&x-expires=1752148800&x-signature=Ua0P36GsSeZfCBCCYttg9yyBojg%3D&t=4d5b0474&ps=13740610&shp=a5d48078&shcp=2472a6c6&idc=maliva","https://p16-sign-sg.tiktokcdn.com/tos-alisg-p-0037/656c918f322d4f9fb85a41e0b6b38adf~tplv-tiktokx-origin.image?biz_tag=musically_video.video_cover&dr=1370&idc=maliva&ps=933b5bde&refresh_token=f9c4baea&s=SEARCH&sc=cover&shcp=c1333099&shp=d05b14bd&t=bacd0480&x-expires=1752055200&x-signature=t%2F7MUvBIOsyJfPH2ZGuRmDDUGH0%3D","63418","1070951","108273","98","thetoffeebrand","Toffee","1283","350","EducationActivist Academic  thetoffeebrand@gmail.com"
"7164664750549388549","https://www.tiktok.com/@stickynotesshop","2022-11-11","https://p77-sign-va-lite.tiktokcdn.com/tos-maliva-avt-0068/a1c8304a0c0a69ae5cf4808ae2658056~tplv-tiktokx-cropcenter:100:100.webp?dr=14579&refresh_token=09440927&x-expires=1752148800&x-signature=iHD2hVl5gAbLTHd%2FMWI9fRJCMjo%3D&t=4d5b0474&ps=13740610&shp=a5d48078&shcp=2472a6c6&idc=maliva","https://p16-sign-va.tiktokcdn.com/tos-maliva-p-0068/74ed6b5538424065ae4c8800b84a0745_1668153518~tplv-tiktokx-origin.image?biz_tag=musically_video.video_cover&dr=1370&idc=maliva&ps=933b5bde&refresh_token=5abc4c86&s=SEARCH&sc=cover&shcp=c1333099&shp=d05b14bd&t=bacd0480&x-expires=1752055200&x-signature=4UdRgHVJaf%2FxbJyFUlm5FtGCJFE%3D","122666","4943216","107742","196","stickynotesshop","stickynotesshop","1612","315","‚ú®SHOP NOW ‚ú® Click here"
"7174810704996863238","https://www.tiktok.com/@stickynotesshop","2022-12-08","https://p77-sign-va-lite.tiktokcdn.com/tos-maliva-avt-0068/a1c8304a0c0a69ae5cf4808ae2658056~tplv-tiktokx-cropcenter:100:100.webp?dr=14579&refresh_token=09440927&x-expires=1752148800&x-signature=iHD2hVl5gAbLTHd%2FMWI9fRJCMjo%3D&t=4d5b0474&ps=13740610&shp=a5d48078&shcp=2472a6c6&idc=maliva","https://p16-sign-va.tiktokcdn.com/tos-maliva-p-0068/ooEv6vEQJnA8CDgDScR1fkbCZwncBBXIdBFjfS~tplv-tiktokx-origin.image?biz_tag=musically_video.video_cover&dr=1370&idc=maliva&ps=933b5bde&refresh_token=e07f5d3e&s=SEARCH&sc=cover&shcp=c1333099&shp=d05b14bd&t=bacd0480&x-expires=1752055200&x-signature=iFo4mIBUW5os6XeSM0TqrNZ9i7s%3D","319988","4200329","107742","196","stickynotesshop","stickynotesshop","5778","441","‚ú®SHOP NOW ‚ú® Click here"
"7190440108259118341","https://www.tiktok.com/@bstudycorner","2023-01-19","https://p16-sign-useast2a.tiktokcdn.com/tos-useast2a-avt-0068-euttp/e20a2b6813186c33c0aedc110fa0506d~tplv-tiktokx-cropcenter:100:100.jpeg?dr=14579&refresh_token=6892d9e7&x-expires=1752148800&x-signature=pGssMZgnllqnjdbi4JKS%2BksTofI%3D&t=4d5b0474&ps=13740610&shp=a5d48078&shcp=2472a6c6&idc=maliva","https://p16-sign-va.tiktokcdn.com/tos-maliva-p-0068/ow8FZQRqTojA2mXJ7YDfB8yERBmn6QMJxIbGeH~tplv-tiktokx-origin.image?biz_tag=musically_video.video_cover&dr=14582&idc=maliva&ps=13740610&refresh_token=4a6aeabe&shcp=9b759fb9&shp=c1333099&t=4d5b0474&x-expires=1751990400&x-signature=FFl2lWhDIbr9VZ4urIFJ1BoQEQU%3D","9354","145319","412125","113","bstudycorner","B Study","176","51","All things study, books, lifestyle Links in bio ‚ú®üìö üíå: bstudycorner@outlook.com"
"7196893061115399467","https://www.tiktok.com/@writechpens","2023-02-06","https://p16-sign-va.tiktokcdn.com/tos-maliva-avt-0068/7345208080050683946~tplv-tiktokx-cropcenter:100:100.jpeg?dr=14579&refresh_token=e1802236&x-expires=1752148800&x-signature=Nt5dDlISGDVE6Ier19C0HwnI%2BKk%3D&t=4d5b0474&ps=13740610&shp=a5d48078&shcp=2472a6c6&idc=maliva","https://p16-sign.tiktokcdn-us.com/tos-useast5-p-0068-tx/89a6190dfaf947eaad526631d5f7e1e7~tplv-tiktokx-origin.image?biz_tag=musically_video.video_cover&dr=1370&idc=maliva&ps=933b5bde&refresh_token=733e12b2&s=SEARCH&sc=cover&shcp=c1333099&shp=d05b14bd&t=bacd0480&x-expires=1752055200&x-signature=rVv07Y7IEA39eSY1h9Et8JsKiR8%3D","119483","1763775","348473","1025","writechpens","WRITECH","3744","1762","Write Different. Creative pens and writing ideas to inspire. Shop here üëáüèªüëáüèª"
"7215573957372546346","https://www.tiktok.com/@writechpens","2023-03-28","https://p16-sign-va.tiktokcdn.com/tos-maliva-avt-0068/7345208080050683946~tplv-tiktokx-cropcenter:100:100.jpeg?dr=14579&refresh_token=e1802236&x-expires=1752148800&x-signature=Nt5dDlISGDVE6Ier19C0HwnI%2BKk%3D&t=4d5b0474&ps=13740610&shp=a5d48078&shcp=2472a6c6&idc=maliva","https://p16-sign.tiktokcdn-us.com/tos-useast5-p-0068-tx/a072fa210c10490aabce7b95274862da_1680006739~tplv-tiktokx-origin.image?biz_tag=musically_video.video_cover&dr=1370&idc=maliva&ps=933b5bde&refresh_token=a0fa216e&s=SEARCH&sc=cover&shcp=c1333099&shp=d05b14bd&t=bacd0480&x-expires=1752055200&x-signature=ZXoQVLTpDShRQRnVxT1YsSWTMVw%3D","10132","253558","348473","1025","writechpens","WRITECH","255","101","Write Different. Creative pens and writing ideas to inspire. Shop here üëáüèªüëáüèª"
"7230500803453259035","https://www.tiktok.com/@bstudycorner","2023-05-07","https://p16-sign-useast2a.tiktokcdn.com/tos-useast2a-avt-0068-euttp/e20a2b6813186c33c0aedc110fa0506d~tplv-tiktokx-cropcenter:100:100.jpeg?dr=14579&refresh_token=6892d9e7&x-expires=1752148800&x-signature=pGssMZgnllqnjdbi4JKS%2BksTofI%3D&t=4d5b0474&ps=13740610&shp=a5d48078&shcp=2472a6c6&idc=maliva","https://p16-sign-useast2a.tiktokcdn.com/tos-useast2a-p-0037-aiso/160db5b8218d47dbb6bfa24a8857a207_1683482169~tplv-tiktokx-origin.image?biz_tag=musically_video.video_cover&dr=1370&idc=maliva&ps=933b5bde&refresh_token=536d64b8&s=SEARCH&sc=cover&shcp=c1333099&shp=d05b14bd&t=bacd0480&x-expires=1752055200&x-signature=g10WINPIGmMo5ZR87IZ2pGvv9w4%3D","179197","1645772","412125","113","bstudycorner","B Study","997","239","All things study, books, lifestyle Links in bio ‚ú®üìö üíå: bstudycorner@outlook.com"
"7244609643131964698","https://www.tiktok.com/@bstudycorner","2023-06-14","https://p16-sign-useast2a.tiktokcdn.com/tos-useast2a-avt-0068-euttp/e20a2b6813186c33c0aedc110fa0506d~tplv-tiktokx-cropcenter:100:100.jpeg?dr=14579&refresh_token=6892d9e7&x-expires=1752148800&x-signature=pGssMZgnllqnjdbi4JKS%2BksTofI%3D&t=4d5b0474&ps=13740610&shp=a5d48078&shcp=2472a6c6&idc=maliva","https://p16-sign-useast2a.tiktokcdn.com/tos-useast2a-p-0037-euttp/4a8c5c8a14a9406c9c896af92c010c7c_1686767134~tplv-tiktokx-origin.image?biz_tag=musically_video.video_cover&dr=1370&idc=maliva&ps=933b5bde&refresh_token=4b25abc7&s=SEARCH&sc=cover&shcp=c1333099&shp=d05b14bd&t=bacd0480&x-expires=1752055200&x-signature=3RxFaZxkNUdgepLpTl%2FR2svpdUk%3D","655514","6174525","412125","113","bstudycorner","B Study","13350","2813","All things study, books, lifestyle Links in bio ‚ú®üìö üíå: bstudycorner@outlook.com"
"7264259766308834603","https://www.tiktok.com/@kaybchung","2023-08-06","https://p16-sign-va.tiktokcdn.com/tos-maliva-avt-0068/07313c4708870b163eae085578283a46~tplv-tiktokx-cropcenter:100:100.jpeg?dr=14579&refresh_token=45a74f90&x-expires=1752148800&x-signature=ovjWYDcL7XCuN38p1kcto03oc%2FU%3D&t=4d5b0474&ps=13740610&shp=a5d48078&shcp=2472a6c6&idc=maliva","https://p19-sign.tiktokcdn-us.com/tos-useast5-p-0068-tx/owADF5xff4kgbB3Pr8n98QQpSzqRDV8gUOPEcC~tplv-tiktokx-origin.image?biz_tag=musically_video.video_cover&dr=1370&idc=maliva&ps=933b5bde&refresh_token=c6f27156&s=SEARCH&sc=cover&shcp=c1333099&shp=d05b14bd&t=bacd0480&x-expires=1752055200&x-signature=NrxpRQg3IeL8nxw%2BCw7vDcsz5Yg%3D","437901","3277425","1781532","20","kaybchung","kay chung","2111","637","üë©‚Äç‚ù§Ô∏è‚Äçüë® BF REVEAL @ 2MILL üíå kay@sparkmedia.la ‚¨áÔ∏èSTUDY VLOG OUT NEOWWW‚¨áÔ∏è"
"7316489555438341381","https://www.tiktok.com/@caramel.studyy","2023-12-25","https://p16-sign-va.tiktokcdn.com/tos-maliva-avt-0068/88922098164b326759a16fd874619bf7~tplv-tiktokx-cropcenter:100:100.jpeg?dr=14579&refresh_token=ecbeee6c&x-expires=1752148800&x-signature=1wyy2TJdqS47%2FaJ0tNGXhVgT23o%3D&t=4d5b0474&ps=13740610&shp=a5d48078&shcp=2472a6c6&idc=maliva","https://p16-sign-sg.tiktokcdn.com/tos-alisg-p-0037/oACnAxkkeLiJ3EsNQOIGxkeeQ4oPAYTEDgSz1r~tplv-tiktokx-origin.image?biz_tag=musically_video.video_cover&dr=1370&idc=maliva&ps=933b5bde&refresh_token=cbdda056&s=SEARCH&sc=cover&shcp=c1333099&shp=d05b14bd&t=bacd0480&x-expires=1752055200&x-signature=2a4%2BglyFS6TixFa4bssfcyCPbFc%3D","465081","5026902","121543","122","caramel.studyy","Caramel study","3601","2396","üóíÔ∏è‚úèÔ∏è üíå email for business inquiries: fannylaurensia7@gmail.com Product Link üß∏"
"7322677055580146990","https://www.tiktok.com/@snehageorrge","2024-01-11","https://p16-sign-va.tiktokcdn.com/tos-maliva-avt-0068/64362161dd1d9b4db5dc3be1e32e5113~tplv-tiktokx-cropcenter:100:100.jpeg?dr=14579&refresh_token=83150dec&x-expires=1752148800&x-signature=UO6M8HoxllswKWfSDUb9OJ8ctuE%3D&t=4d5b0474&ps=13740610&shp=a5d48078&shcp=2472a6c6&idc=maliva","https://p16-sign.tiktokcdn-us.com/tos-useast5-p-0068-tx/oIwtaSDyIFA7QHBnWDESJYE6D416fRbflFBEgB~tplv-tiktokx-origin.image?biz_tag=musically_video.video_cover&dr=1370&idc=maliva&ps=933b5bde&refresh_token=18ef0ee0&s=SEARCH&sc=cover&shcp=c1333099&shp=d05b14bd&t=bacd0480&x-expires=1752055200&x-signature=MqV7WF7WIw6iI5fCXoYmlKztDxk%3D","101316","907803","242727","107","snehageorrge","sneha | nursing student üéÄ","1477","433","handwriting inspo + nursing üéÄüìù @Vital Influence  üìß:sneha@vitalinfluence.com"
"7395277814951333152","https://www.tiktok.com/@bstudycorner","2024-07-24","https://p16-sign-useast2a.tiktokcdn.com/tos-useast2a-avt-0068-euttp/e20a2b6813186c33c0aedc110fa0506d~tplv-tiktokx-cropcenter:100:100.jpeg?dr=14579&refresh_token=6892d9e7&x-expires=1752148800&x-signature=pGssMZgnllqnjdbi4JKS%2BksTofI%3D&t=4d5b0474&ps=13740610&shp=a5d48078&shcp=2472a6c6&idc=maliva","https://p16-sign-useast2a.tiktokcdn.com/tos-useast2a-p-0037-euttp/70e3e79712b94b5089a7e5074e200740_1721847302~tplv-tiktokx-origin.image?biz_tag=musically_video.video_cover&dr=1370&idc=maliva&ps=933b5bde&refresh_token=7e07f587&s=SEARCH&sc=cover&shcp=c1333099&shp=d05b14bd&t=bacd0480&x-expires=1752055200&x-signature=iqqBdAGkXF6D9EYHNbVW35TxJ5I%3D","27298","392267","412125","113","bstudycorner","B Study","548","96","All things study, books, lifestyle Links in bio ‚ú®üìö üíå: bstudycorner@outlook.com"
"7404808099510390032","https://www.tiktok.com/@by.swgmia","2024-08-19","https://p9-sign-sg.tiktokcdn.com/tos-alisg-avt-0068/d9930545ddfdfbc37ff85fbfbcc987e9~tplv-tiktokx-cropcenter:100:100.webp?dr=14579&refresh_token=debf62e7&x-expires=1752148800&x-signature=tNTZdt%2FkxjljIcSI%2BqWogrM4VEA%3D&t=4d5b0474&ps=13740610&shp=a5d48078&shcp=2472a6c6&idc=maliva","https://p16-sign-sg.tiktokcdn.com/tos-alisg-p-0037/9b19ffcbde23406eada6798a4fcbaa52_1724066248~tplv-tiktokx-origin.image?biz_tag=musically_video.video_cover&dr=1370&idc=maliva&ps=933b5bde&refresh_token=39731454&s=SEARCH&sc=cover&shcp=c1333099&shp=d05b14bd&t=bacd0480&x-expires=1752055200&x-signature=3RmNNCY%2Fh2JwOjTRKzRiVkVBOn4%3D","2370844","18398589","240411","1072","by.swgmia","suong mai","145991","14027","IG: by.swgmia handwriting, study, tech, desk"
"7409220979672550657","https://www.tiktok.com/@starbeanies","2024-08-31","https://p16-sign-sg.tiktokcdn.com/tos-alisg-avt-0068/c718a2cd4df9915167c78f9393eef71e~tplv-tiktokx-cropcenter:100:100.jpeg?dr=14579&refresh_token=d1cb366b&x-expires=1752148800&x-signature=Oq0WoorOP0KmQOOVjxMLRczJh38%3D&t=4d5b0474&ps=13740610&shp=a5d48078&shcp=2472a6c6&idc=maliva","https://p16-sign-sg.tiktokcdn.com/tos-alisg-p-0037/526096a18bda4d2bb27fecff4a5dc9a9_1725093700~tplv-tiktokx-origin.image?biz_tag=musically_video.video_cover&dr=1370&idc=maliva&ps=933b5bde&refresh_token=f6921494&s=SEARCH&sc=cover&shcp=c1333099&shp=d05b14bd&t=bacd0480&x-expires=1752055200&x-signature=YSJqmM0gHefLBdRq0A%2B4HqVBv%2BY%3D","355","10894","32066","22","starbeanies","StarBeanü•Ä","21","5","For Collab/PR, Emailüì• starbeanbusiness@gmail.com"
"7443658823887342866","https://www.tiktok.com/@by.swgmia","2024-12-02","https://p9-sign-sg.tiktokcdn.com/tos-alisg-avt-0068/d9930545ddfdfbc37ff85fbfbcc987e9~tplv-tiktokx-cropcenter:100:100.webp?dr=14579&refresh_token=debf62e7&x-expires=1752148800&x-signature=tNTZdt%2FkxjljIcSI%2BqWogrM4VEA%3D&t=4d5b0474&ps=13740610&shp=a5d48078&shcp=2472a6c6&idc=maliva","https://p16-sign-sg.tiktokcdn.com/tos-alisg-p-0037/ogBBH9n0HMRRieOEiSA9tIIBNgkUT2wBFwfkE4~tplv-tiktokx-origin.image?biz_tag=musically_video.video_cover&dr=1370&idc=maliva&ps=933b5bde&refresh_token=f2e1cf71&s=SEARCH&sc=cover&shcp=c1333099&shp=d05b14bd&t=bacd0480&x-expires=1752055200&x-signature=xJR6PUeMSJzqr4d%2BIM%2BZymd88bA%3D","411155","4698561","240411","1072","by.swgmia","suong mai","28501","1833","IG: by.swgmia handwriting, study, tech, desk"
"7461721453818301729","https://www.tiktok.com/@bstudycorner","2025-01-19","https://p16-sign-useast2a.tiktokcdn.com/tos-useast2a-avt-0068-euttp/e20a2b6813186c33c0aedc110fa0506d~tplv-tiktokx-cropcenter:100:100.jpeg?dr=14579&refresh_token=6892d9e7&x-expires=1752148800&x-signature=pGssMZgnllqnjdbi4JKS%2BksTofI%3D&t=4d5b0474&ps=13740610&shp=a5d48078&shcp=2472a6c6&idc=maliva","https://p16-sign-useast2a.tiktokcdn.com/tos-useast2a-p-0037-euttp/owEEDjnPeQAVvAJryUuwafA7aQE5nCDEnIORAF~tplv-tiktokx-origin.image?biz_tag=musically_video.video_cover&dr=1370&idc=maliva&ps=933b5bde&refresh_token=e386d18f&s=SEARCH&sc=cover&shcp=c1333099&shp=d05b14bd&t=bacd0480&x-expires=1752055200&x-signature=82jF4fs4mAlmGc5QG0ubC4LmqY8%3D","122303","2166383","412125","113","bstudycorner","B Study","6041","1138","All things study, books, lifestyle Links in bio ‚ú®üìö üíå: bstudycorner@outlook.com"
"7494337471161847047","https://www.tiktok.com/@itsbutterpuff","2025-04-17","https://p16-sign-sg.tiktokcdn.com/tos-alisg-avt-0068/31e53cb520b47aa6dee5bba49efc8517~tplv-tiktokx-cropcenter:100:100.jpeg?dr=14579&refresh_token=c2dca791&x-expires=1752148800&x-signature=g3gIRp3yuEpnRt3ZSZ0a1FHpfGg%3D&t=4d5b0474&ps=13740610&shp=a5d48078&shcp=2472a6c6&idc=maliva","https://p16-sign-sg.tiktokcdn.com/tos-alisg-p-0037/oofoA5tlpA4jARJwgEF9APUD9f20BETEBEBoBI~tplv-tiktokx-origin.image?biz_tag=musically_video.video_cover&dr=1370&idc=maliva&ps=933b5bde&refresh_token=027986a8&s=SEARCH&sc=cover&shcp=c1333099&shp=d05b14bd&t=bacd0480&x-expires=1752055200&x-signature=n29bZLnrRK08JgBgBrNcfK5hlqY%3D","2535","92750","284819","331","itsbutterpuff","ü™ê","85","18","Tips, Ideas, Inspoüòª ‚ÜòÔ∏èJoin WALLPAPERS telegram Channel‚ÜôÔ∏è  207"
"7496205716546489622","https://www.tiktok.com/@that.bulletjournal","2025-04-22","https://p77-sign-va-lite.tiktokcdn.com/tos-maliva-avt-0068/d2f79b9079475779eb54fad350b75def~tplv-tiktokx-cropcenter:100:100.webp?dr=14579&refresh_token=cf3ae99f&x-expires=1752148800&x-signature=yeicWdunHeFfLbZsexBv88qFiZY%3D&t=4d5b0474&ps=13740610&shp=a5d48078&shcp=2472a6c6&idc=maliva","https://p16-pu-sign-no.tiktokcdn-eu.com/tos-no1a-p-0037-no/oU9BDfmlEEwkI23OfAogFCXHEQR9AAYXAFUAaY~tplv-tiktokx-origin.image?biz_tag=musically_video.video_cover&dr=1370&idc=maliva&ps=933b5bde&refresh_token=9bb7427a&s=SEARCH&sc=cover&shcp=c1333099&shp=d05b14bd&t=bacd0480&x-expires=1752055200&x-signature=KiK0FtynJWKMB9ueNMsTJe22XSc%3D","32678","281635","242538","13","that.bulletjournal","journaling","1046","59","journaling | calligraphy | art contact: that.bulletjournal@outlook.com"
"7509091316597296440","https://www.tiktok.com/@caramel.studyy","2025-05-27","https://p16-sign-va.tiktokcdn.com/tos-maliva-avt-0068/88922098164b326759a16fd874619bf7~tplv-tiktokx-cropcenter:100:100.jpeg?dr=14579&refresh_token=ecbeee6c&x-expires=1752148800&x-signature=1wyy2TJdqS47%2FaJ0tNGXhVgT23o%3D&t=4d5b0474&ps=13740610&shp=a5d48078&shcp=2472a6c6&idc=maliva","https://p16-sign-va.tiktokcdn.com/tos-maliva-p-0068/okoiN9AVEi8JXjAgtp0C1BsBGIASEIAfoAciAI~tplv-tiktokx-origin.image?biz_tag=musically_video.video_cover&dr=1370&idc=maliva&ps=933b5bde&refresh_token=06ecef71&s=SEARCH&sc=cover&shcp=c1333099&shp=d05b14bd&t=bacd0480&x-expires=1752055200&x-signature=zd3BP7etY2ChWTr%2FMxYXTLauykw%3D","82844","972402","121543","122","caramel.studyy","Caramel study","1449","591","üóíÔ∏è‚úèÔ∏è üíå email for business inquiries: fannylaurensia7@gmail.com Product Link üß∏"
